number_of_visits,time_spent_on_website,engagement_score,click_rate,email_open_rate,inactivity_period,email_response,cart_activity,last_activity,budget_level,company_size,previous_interaction,previous_outcome,lead_source,lead_category
11,60.0,52.7,0.6,0.1,3,Clicked,Yes,Content_Download,Medium,Medium,Yes,In_Progress,Social,High
8,20.8,86.1,0.5,0.7,13,Replied,No,Webinar,Medium,Large,No,No_Contact,Social,High
1,7.2,49.7,0.1,0.2,1,Replied,Yes,Demo_Request,Medium,Large,No,No_Contact,Social,Medium
11,52.3,25.0,0.0,0.4,1,No_Response,No,Page_View,Low,Small,No,No_Contact,Social,Medium
9,31.9,79.6,0.3,0.6,8,Replied,Yes,Page_View,Medium,Large,No,No_Contact,Referral,High
5,10.0,70.4,0.2,0.5,21,Clicked,No,Demo_Request,High,Medium,No,No_Contact,Paid_Ads,High
9,32.6,55.5,0.2,0.4,1,No_Response,No,Webinar,High,Enterprise,No,No_Contact,Website,High
6,23.2,55.5,0.4,0.1,26,No_Response,Yes,Page_View,Low,Small,No,No_Contact,Referral,Medium
13,51.1,54.9,0.5,0.4,17,Opened,Yes,Page_View,Medium,Small,No,No_Contact,Email_Campaign,High
5,38.9,44.4,0.1,0.5,13,Clicked,Yes,Page_View,Low,Large,No,No_Contact,Paid_Ads,Medium
10,46.6,58.2,0.2,0.6,38,Clicked,Yes,Demo_Request,Low,Enterprise,No,No_Contact,Email_Campaign,High
5,17.0,74.4,0.2,0.6,8,No_Response,No,Pricing_Page,Low,Small,Yes,No_Response,Organic_Search,Medium
9,22.7,24.1,0.1,0.3,44,Replied,Yes,Content_Download,Medium,Medium,No,No_Contact,Email_Campaign,Low
7,5.1,25.5,0.2,0.8,16,No_Response,No,Webinar,High,Large,Yes,In_Progress,Social,Medium
11,26.5,12.2,0.2,0.5,43,No_Response,No,Page_View,High,Large,No,No_Contact,Email_Campaign,Low
13,34.2,45.2,0.2,0.2,1,Clicked,Yes,Webinar,High,Large,Yes,No_Response,Email_Campaign,High
12,50.3,36.0,0.6,0.4,25,Clicked,Yes,Demo_Request,Low,Medium,Yes,In_Progress,Organic_Search,High
11,6.7,27.4,0.0,0.4,44,Clicked,No,Demo_Request,Low,Medium,No,No_Contact,Email_Campaign,Low
10,31.7,66.3,0.3,0.5,33,Clicked,No,Page_View,Low,Small,No,No_Contact,Organic_Search,High
8,9.9,12.6,0.3,0.8,27,No_Response,No,Demo_Request,Medium,Small,No,No_Contact,Paid_Ads,Low
10,51.9,54.6,0.0,0.5,55,Replied,Yes,Form_Submit,Low,Small,No,No_Contact,Organic_Search,Low
1,5.0,52.9,0.1,0.7,30,No_Response,Yes,Content_Download,Medium,Enterprise,No,No_Contact,Social,Medium
13,58.2,40.0,0.6,0.5,1,Replied,Yes,Demo_Request,Low,Enterprise,Yes,Success,Referral,High
9,50.9,38.0,0.1,0.5,49,Opened,No,Pricing_Page,High,Large,No,No_Contact,Website,Low
1,5.3,47.0,0.3,0.9,15,Clicked,No,Form_Submit,Medium,Medium,No,No_Contact,Organic_Search,Medium
6,21.9,27.4,0.0,0.4,37,No_Response,No,Content_Download,Medium,Small,Yes,Failure,Organic_Search,Low
6,11.9,3.0,0.0,0.5,12,Opened,Yes,Form_Submit,High,Large,Yes,No_Response,Social,Low
1,3.5,38.1,0.1,0.6,8,Clicked,No,Pricing_Page,Low,Medium,Yes,Failure,Social,Medium
3,7.4,20.7,0.4,0.3,45,Replied,No,Page_View,Low,Large,No,No_Contact,Referral,Low
3,17.8,11.5,0.0,0.6,62,Replied,Yes,Page_View,Medium,Enterprise,No,No_Contact,Social,Low
11,31.2,59.0,0.2,0.7,1,Replied,No,Pricing_Page,High,Large,Yes,Success,Social,High
3,17.7,89.5,0.1,0.4,32,Opened,No,Form_Submit,Low,Enterprise,Yes,In_Progress,Organic_Search,Medium
7,42.4,33.3,0.3,0.1,47,Replied,No,Webinar,Low,Medium,No,No_Contact,Website,Low
13,23.8,92.4,0.5,0.7,1,Opened,Yes,Pricing_Page,Medium,Medium,No,No_Contact,Paid_Ads,High
8,16.9,55.9,0.6,0.2,1,Clicked,Yes,Form_Submit,Medium,Medium,Yes,No_Response,Organic_Search,High
7,14.7,76.9,0.2,0.3,18,Clicked,No,Demo_Request,Low,Medium,No,No_Contact,Website,High
9,30.1,67.4,0.4,0.5,19,Replied,Yes,Demo_Request,High,Large,Yes,Failure,Email_Campaign,High
7,18.5,29.2,0.0,0.5,20,Opened,No,Page_View,Low,Small,Yes,No_Response,Organic_Search,Low
16,21.0,56.2,0.1,0.5,16,Opened,No,Webinar,Medium,Large,No,No_Contact,Organic_Search,High
13,60.0,70.7,0.3,0.5,15,Clicked,Yes,Content_Download,High,Medium,No,No_Contact,Email_Campaign,High
1,1.7,15.0,0.2,0.4,49,Replied,No,Content_Download,Low,Large,No,No_Contact,Organic_Search,Low
2,9.0,59.0,0.0,0.3,18,Clicked,No,Demo_Request,Medium,Small,Yes,No_Response,Paid_Ads,Medium
10,41.6,51.1,0.2,0.8,15,Clicked,Yes,Webinar,Low,Enterprise,No,No_Contact,Paid_Ads,Medium
6,6.5,69.7,0.1,0.5,8,Opened,Yes,Webinar,Medium,Enterprise,Yes,In_Progress,Paid_Ads,High
6,0.6,13.6,0.4,0.3,22,No_Response,Yes,Webinar,Low,Medium,Yes,In_Progress,Organic_Search,Medium
11,54.5,41.3,0.3,0.4,2,No_Response,No,Content_Download,Medium,Medium,Yes,Failure,Referral,High
8,32.6,48.7,0.4,0.6,1,Replied,Yes,Demo_Request,Medium,Enterprise,Yes,Failure,Email_Campaign,High
5,6.7,87.9,0.1,0.4,29,Replied,No,Form_Submit,Low,Small,No,No_Contact,Social,Medium
11,60.0,59.2,0.4,0.6,15,Replied,No,Webinar,Medium,Enterprise,Yes,Failure,Email_Campaign,High
8,22.4,65.8,0.5,0.5,8,Replied,No,Content_Download,High,Small,Yes,In_Progress,Referral,High
4,27.6,79.8,0.4,0.1,3,Opened,Yes,Page_View,High,Small,No,No_Contact,Paid_Ads,High
5,30.8,49.6,0.1,0.7,19,Clicked,No,Content_Download,Low,Enterprise,Yes,In_Progress,Email_Campaign,Medium
11,23.6,52.4,0.5,0.5,17,Replied,No,Webinar,Low,Enterprise,No,No_Contact,Social,High
12,21.8,73.2,0.4,0.5,1,Clicked,Yes,Content_Download,High,Enterprise,No,No_Contact,Paid_Ads,High
10,47.3,26.5,0.3,0.5,34,No_Response,No,Page_View,Medium,Large,No,No_Contact,Referral,Low
1,6.6,19.9,0.2,0.2,17,Opened,No,Webinar,Low,Large,Yes,No_Response,Website,Medium
9,26.7,21.9,0.1,0.6,72,Clicked,Yes,Page_View,Medium,Small,Yes,Success,Social,Low
8,11.4,27.8,0.3,0.1,18,No_Response,No,Page_View,Low,Large,Yes,No_Response,Paid_Ads,Medium
2,7.8,39.6,0.4,0.2,35,Opened,No,Webinar,Low,Medium,Yes,Success,Organic_Search,Medium
7,24.9,3.0,0.3,0.8,35,Replied,Yes,Pricing_Page,Medium,Small,Yes,Success,Social,Low
8,12.6,62.7,0.3,0.3,15,Opened,Yes,Page_View,High,Enterprise,No,No_Contact,Social,Medium
8,12.7,29.8,0.4,0.5,34,No_Response,No,Content_Download,High,Small,No,No_Contact,Organic_Search,Low
8,48.7,48.1,0.2,0.5,65,No_Response,No,Page_View,Medium,Medium,Yes,Failure,Social,Low
8,41.4,53.8,0.4,0.5,56,Opened,Yes,Webinar,Medium,Medium,Yes,No_Response,Organic_Search,Low
3,10.2,18.6,0.1,0.7,27,Clicked,Yes,Page_View,Low,Small,No,No_Contact,Organic_Search,Low
2,7.3,3.0,0.2,0.4,46,No_Response,No,Pricing_Page,Low,Small,No,No_Contact,Referral,Low
14,60.0,58.8,0.3,0.3,9,Opened,Yes,Webinar,Medium,Large,No,No_Contact,Paid_Ads,High
1,5.7,23.8,0.4,0.6,22,No_Response,No,Webinar,Medium,Medium,Yes,No_Response,Social,Low
1,2.2,38.5,0.0,0.5,24,Opened,No,Content_Download,Medium,Medium,No,No_Contact,Email_Campaign,Low
5,34.9,17.5,0.0,0.6,55,Replied,No,Webinar,Medium,Medium,No,No_Contact,Organic_Search,Low
1,2.5,30.9,0.2,0.6,34,Opened,No,Page_View,Low,Small,No,No_Contact,Website,Low
12,24.9,74.6,0.1,0.3,15,Clicked,Yes,Form_Submit,High,Small,No,No_Contact,Social,High
2,10.9,16.7,0.2,0.6,40,No_Response,No,Webinar,Low,Small,No,No_Contact,Social,Low
2,6.9,76.5,0.1,0.4,27,No_Response,Yes,Form_Submit,High,Medium,No,No_Contact,Referral,Medium
4,10.8,51.3,0.3,0.2,1,Replied,No,Demo_Request,Medium,Medium,Yes,In_Progress,Referral,High
11,51.6,57.7,0.1,0.2,1,Opened,Yes,Pricing_Page,High,Enterprise,Yes,Success,Social,High
4,8.0,65.4,0.3,0.3,45,Replied,No,Pricing_Page,Medium,Medium,Yes,Success,Email_Campaign,Medium
8,24.0,63.1,0.5,0.3,6,Clicked,Yes,Content_Download,Medium,Small,Yes,No_Response,Social,High
4,0.6,80.0,0.0,0.3,24,No_Response,Yes,Page_View,Medium,Enterprise,No,No_Contact,Social,Medium
8,41.3,38.1,0.0,0.4,15,Replied,Yes,Form_Submit,High,Large,No,No_Contact,Email_Campaign,Medium
9,44.0,22.8,0.4,0.4,1,Clicked,No,Content_Download,Medium,Medium,Yes,Failure,Social,Medium
14,24.4,71.4,0.4,0.3,36,Opened,No,Demo_Request,Low,Small,Yes,Success,Paid_Ads,High
5,20.7,3.0,0.3,0.7,52,Clicked,Yes,Demo_Request,Low,Enterprise,Yes,Success,Website,Low
8,19.5,43.4,0.1,0.5,10,No_Response,No,Content_Download,Low,Medium,Yes,In_Progress,Organic_Search,Medium
8,23.1,70.4,0.5,0.6,20,Clicked,No,Pricing_Page,High,Enterprise,Yes,No_Response,Organic_Search,High
9,21.7,29.0,0.3,0.6,27,Replied,No,Content_Download,High,Medium,Yes,No_Response,Website,Medium
11,30.9,92.1,0.1,0.6,12,Replied,No,Webinar,Low,Enterprise,No,No_Contact,Website,High
1,2.1,3.0,0.3,0.5,14,Replied,No,Form_Submit,Low,Medium,No,No_Contact,Social,Low
10,34.4,4.4,0.1,0.7,33,Opened,Yes,Webinar,Low,Medium,No,No_Contact,Social,Low
1,6.7,19.6,0.3,0.6,29,No_Response,No,Page_View,Medium,Small,No,No_Contact,Social,Low
4,24.8,28.0,0.3,0.3,35,Opened,No,Demo_Request,Medium,Small,Yes,Success,Email_Campaign,Low
9,24.0,44.9,0.1,0.5,21,Opened,No,Page_View,Low,Medium,No,No_Contact,Paid_Ads,Medium
8,45.2,37.6,0.6,0.3,1,Replied,Yes,Webinar,Medium,Enterprise,Yes,Success,Organic_Search,High
5,19.2,50.1,0.2,0.2,31,Opened,No,Pricing_Page,Low,Large,No,No_Contact,Website,Medium
1,1.6,3.0,0.1,0.5,32,Opened,No,Webinar,Medium,Medium,No,No_Contact,Organic_Search,Low
9,27.2,19.6,0.3,0.6,1,Clicked,No,Form_Submit,Medium,Large,No,No_Contact,Organic_Search,Medium
6,40.1,59.5,0.3,0.7,1,Replied,No,Content_Download,Medium,Medium,No,No_Contact,Website,Medium
11,48.0,34.6,0.1,0.5,4,Clicked,No,Pricing_Page,Medium,Large,Yes,Failure,Website,Medium
5,10.0,43.2,0.2,0.5,46,No_Response,No,Webinar,Medium,Medium,No,No_Contact,Paid_Ads,Low
9,41.0,67.7,0.1,0.3,1,Opened,No,Content_Download,High,Enterprise,Yes,Failure,Email_Campaign,High
13,50.2,52.3,0.3,0.4,12,Opened,Yes,Pricing_Page,High,Medium,No,No_Contact,Social,High
1,4.0,69.6,0.2,0.3,48,Opened,No,Content_Download,Medium,Medium,No,No_Contact,Website,Low
4,11.5,77.1,0.3,0.7,35,No_Response,No,Content_Download,Medium,Large,Yes,Failure,Website,Medium
2,2.1,57.3,0.2,0.8,40,Clicked,No,Page_View,Medium,Small,No,No_Contact,Referral,Medium
9,40.6,68.8,0.3,0.5,29,Replied,No,Content_Download,High,Small,Yes,Failure,Organic_Search,Medium
7,16.3,51.3,0.5,0.4,1,Clicked,Yes,Demo_Request,Medium,Large,Yes,Failure,Email_Campaign,High
12,38.3,35.8,0.3,0.6,29,Replied,No,Page_View,Low,Medium,Yes,Success,Social,Medium
9,58.1,31.8,0.0,0.5,43,No_Response,No,Page_View,Medium,Small,No,No_Contact,Website,Low
4,24.2,50.0,0.4,0.5,1,Replied,No,Pricing_Page,Low,Large,Yes,Success,Email_Campaign,Medium
9,13.2,53.4,0.4,0.3,1,Replied,No,Demo_Request,Medium,Small,No,No_Contact,Referral,High
6,4.8,46.0,0.4,0.5,11,No_Response,Yes,Form_Submit,High,Large,No,No_Contact,Organic_Search,High
1,3.0,40.3,0.1,0.5,53,Clicked,No,Content_Download,Low,Large,Yes,Failure,Website,Low
5,41.6,24.1,0.0,0.6,60,No_Response,No,Pricing_Page,Low,Small,No,No_Contact,Social,Low
6,29.0,32.0,0.0,0.6,14,Opened,No,Page_View,Low,Small,Yes,No_Response,Organic_Search,Low
11,57.0,67.8,0.5,0.3,22,Clicked,No,Demo_Request,High,Small,Yes,Success,Organic_Search,High
1,3.7,21.4,0.3,0.7,41,No_Response,No,Form_Submit,High,Large,No,No_Contact,Email_Campaign,Low
14,29.9,43.9,0.6,0.6,7,Clicked,No,Demo_Request,Medium,Large,No,No_Contact,Social,High
1,5.8,39.5,0.1,0.2,2,Replied,Yes,Content_Download,Medium,Enterprise,No,No_Contact,Paid_Ads,Medium
11,37.1,77.4,0.5,0.3,7,Opened,Yes,Pricing_Page,Medium,Enterprise,No,No_Contact,Organic_Search,High
2,15.7,38.8,0.3,0.4,15,Opened,No,Pricing_Page,Medium,Medium,Yes,Failure,Referral,Medium
2,3.3,64.7,0.2,0.6,20,No_Response,No,Pricing_Page,High,Medium,No,No_Contact,Website,Medium
8,53.6,24.4,0.1,0.6,7,Clicked,No,Form_Submit,Medium,Small,Yes,In_Progress,Paid_Ads,Medium
8,27.6,58.6,0.3,0.4,22,Clicked,No,Pricing_Page,Medium,Medium,Yes,Failure,Email_Campaign,High
1,2.1,67.1,0.2,0.6,3,Opened,Yes,Webinar,High,Large,No,No_Contact,Email_Campaign,High
6,31.1,40.5,0.2,0.4,11,Replied,No,Demo_Request,High,Large,Yes,No_Response,Organic_Search,Medium
3,7.2,23.8,0.1,0.2,70,Replied,Yes,Content_Download,Medium,Small,Yes,Failure,Email_Campaign,Low
5,6.7,75.0,0.3,0.2,1,Replied,Yes,Demo_Request,High,Medium,No,No_Contact,Paid_Ads,High
1,4.5,43.4,0.1,0.7,36,No_Response,Yes,Webinar,High,Medium,No,No_Contact,Email_Campaign,Medium
15,60.0,43.0,0.4,0.6,2,Opened,Yes,Page_View,Medium,Enterprise,Yes,In_Progress,Website,High
7,27.7,54.9,0.3,0.5,24,Opened,Yes,Content_Download,Medium,Large,Yes,Failure,Referral,Medium
5,12.9,59.0,0.0,0.5,5,Opened,Yes,Pricing_Page,Low,Medium,Yes,In_Progress,Social,Medium
12,43.9,44.4,0.1,0.3,1,Clicked,No,Page_View,Low,Medium,No,No_Contact,Website,Medium
8,40.9,7.5,0.0,0.3,58,Clicked,No,Webinar,High,Small,No,No_Contact,Social,Low
10,17.0,60.9,0.6,0.5,6,Opened,Yes,Page_View,Medium,Small,Yes,Success,Paid_Ads,High
9,26.9,71.0,0.3,0.3,11,Replied,Yes,Pricing_Page,High,Enterprise,Yes,No_Response,Website,High
7,26.6,39.1,0.1,0.3,9,Replied,No,Page_View,Low,Small,No,No_Contact,Email_Campaign,Medium
1,3.3,47.1,0.2,0.6,15,Clicked,No,Form_Submit,High,Small,No,No_Contact,Email_Campaign,High
5,20.3,42.1,0.5,0.3,3,No_Response,No,Demo_Request,Medium,Small,No,No_Contact,Social,High
6,25.2,21.1,0.2,0.4,13,Clicked,No,Page_View,Medium,Small,No,No_Contact,Email_Campaign,Medium
5,21.0,33.3,0.2,0.4,44,Clicked,No,Form_Submit,Medium,Medium,No,No_Contact,Paid_Ads,Low
1,1.5,47.5,0.1,0.1,47,No_Response,No,Page_View,Low,Small,No,No_Contact,Organic_Search,Low
14,24.2,72.1,0.3,0.4,11,Clicked,Yes,Webinar,High,Medium,No,No_Contact,Referral,High
4,10.9,10.6,0.1,0.1,20,Replied,Yes,Webinar,Medium,Medium,No,No_Contact,Social,Low
1,3.5,47.7,0.2,0.6,13,No_Response,No,Form_Submit,Low,Small,Yes,In_Progress,Organic_Search,Medium
11,27.7,61.5,0.3,0.5,16,Replied,Yes,Content_Download,Low,Medium,Yes,In_Progress,Website,High
4,7.1,82.5,0.2,0.5,22,No_Response,No,Page_View,Medium,Large,No,No_Contact,Social,Medium
6,26.0,61.1,0.1,0.4,10,Clicked,No,Form_Submit,Medium,Small,Yes,In_Progress,Website,Medium
1,3.7,46.6,0.2,0.6,34,Opened,No,Content_Download,Medium,Medium,No,No_Contact,Paid_Ads,Low
8,21.6,29.9,0.1,0.3,5,Clicked,Yes,Content_Download,Medium,Enterprise,No,No_Contact,Website,Medium
3,10.7,59.0,0.3,0.8,27,Opened,No,Content_Download,Medium,Enterprise,No,No_Contact,Email_Campaign,Medium
11,60.0,71.7,0.6,0.5,1,Replied,Yes,Webinar,Medium,Large,No,No_Contact,Organic_Search,High
3,4.5,22.8,0.2,0.2,30,No_Response,Yes,Demo_Request,Medium,Enterprise,Yes,No_Response,Referral,Medium
7,28.9,81.0,0.1,0.3,15,Opened,Yes,Demo_Request,Medium,Large,Yes,Success,Website,High
6,43.3,3.0,0.0,0.4,20,Clicked,No,Page_View,High,Medium,No,No_Contact,Referral,Low
11,32.7,74.6,0.3,0.6,1,Replied,No,Webinar,Medium,Medium,Yes,In_Progress,Organic_Search,High
12,35.0,53.7,0.4,0.7,30,No_Response,Yes,Form_Submit,Low,Small,No,No_Contact,Social,Medium
5,4.5,52.3,0.0,0.1,19,Replied,No,Webinar,Low,Enterprise,No,No_Contact,Email_Campaign,Low
11,16.3,57.5,0.3,0.9,11,Clicked,No,Form_Submit,High,Large,Yes,Success,Website,High
5,23.2,43.4,0.3,0.5,32,Replied,No,Webinar,Medium,Medium,No,No_Contact,Website,Medium
10,56.5,27.3,0.1,0.8,40,Replied,No,Webinar,Low,Medium,No,No_Contact,Email_Campaign,Low
10,48.8,68.0,0.5,0.7,11,No_Response,Yes,Webinar,High,Medium,Yes,Failure,Email_Campaign,High
7,26.1,41.6,0.3,0.8,2,Opened,Yes,Page_View,Low,Enterprise,No,No_Contact,Email_Campaign,Medium
12,60.0,32.3,0.4,0.5,27,Opened,Yes,Content_Download,Medium,Medium,Yes,Failure,Paid_Ads,High
5,0.5,49.3,0.1,0.2,64,Opened,No,Page_View,Low,Large,Yes,Failure,Paid_Ads,Low
1,2.0,7.7,0.0,0.5,23,Clicked,Yes,Demo_Request,Low,Enterprise,No,No_Contact,Website,Low
8,58.9,63.5,0.2,0.5,33,Replied,No,Form_Submit,High,Enterprise,No,No_Contact,Paid_Ads,Medium
8,24.4,66.7,0.4,0.7,4,No_Response,No,Content_Download,Low,Medium,No,No_Contact,Organic_Search,High
7,7.9,68.8,0.3,0.4,1,Replied,Yes,Demo_Request,High,Small,Yes,In_Progress,Website,High
1,0.5,31.5,0.2,0.2,32,No_Response,No,Webinar,Low,Medium,Yes,In_Progress,Social,Medium
3,12.1,37.9,0.5,0.3,34,No_Response,Yes,Webinar,Low,Enterprise,Yes,No_Response,Website,Low
1,7.3,38.2,0.3,0.6,14,Opened,No,Demo_Request,Medium,Small,No,No_Contact,Organic_Search,Medium
3,8.1,69.9,0.5,0.2,1,Replied,No,Content_Download,Low,Enterprise,No,No_Contact,Social,High
12,20.5,100.0,0.0,0.4,6,Clicked,Yes,Demo_Request,High,Enterprise,Yes,No_Response,Social,High
1,1.3,45.9,0.2,0.5,48,Replied,No,Webinar,Low,Medium,No,No_Contact,Referral,Low
13,60.0,100.0,0.5,0.4,1,Replied,No,Demo_Request,High,Large,Yes,In_Progress,Paid_Ads,High
5,14.0,49.3,0.0,0.4,28,Opened,No,Page_View,Low,Small,Yes,No_Response,Referral,Low
15,60.0,58.1,0.6,0.3,11,Replied,No,Content_Download,Low,Large,Yes,No_Response,Paid_Ads,High
15,35.3,87.9,0.3,0.5,7,Replied,Yes,Demo_Request,Low,Small,Yes,No_Response,Organic_Search,High
1,3.4,24.9,0.0,0.4,44,Replied,No,Content_Download,High,Large,Yes,No_Response,Paid_Ads,Low
9,60.0,74.5,0.4,0.8,11,Replied,Yes,Page_View,Medium,Enterprise,Yes,In_Progress,Social,High
8,37.4,8.9,0.3,0.4,38,No_Response,No,Form_Submit,Low,Small,No,No_Contact,Referral,Low
4,10.2,27.1,0.2,0.5,28,Opened,Yes,Webinar,Medium,Medium,No,No_Contact,Paid_Ads,Medium
10,41.0,39.7,0.2,0.4,34,Replied,No,Content_Download,Medium,Enterprise,No,No_Contact,Email_Campaign,Medium
5,20.1,6.1,0.0,0.7,35,Opened,No,Webinar,Low,Large,No,No_Contact,Social,Low
1,1.4,28.4,0.1,0.3,36,No_Response,Yes,Demo_Request,High,Small,No,No_Contact,Social,Low
3,5.8,65.1,0.3,0.7,14,No_Response,Yes,Content_Download,Medium,Large,Yes,Success,Social,Medium
7,14.3,52.0,0.4,0.6,6,Clicked,No,Demo_Request,High,Medium,Yes,In_Progress,Website,High
1,8.7,48.5,0.5,0.6,1,Replied,No,Content_Download,Low,Enterprise,No,No_Contact,Paid_Ads,High
3,5.2,46.0,0.5,0.4,12,No_Response,No,Demo_Request,High,Medium,Yes,Success,Website,High
6,20.3,3.0,0.2,0.1,45,No_Response,No,Page_View,Medium,Medium,No,No_Contact,Organic_Search,Low
10,29.3,79.2,0.4,0.4,5,Replied,No,Content_Download,High,Small,No,No_Contact,Referral,High
11,33.6,79.8,0.4,0.6,17,No_Response,Yes,Form_Submit,Medium,Large,Yes,No_Response,Website,High
5,25.0,36.4,0.1,0.5,48,Clicked,No,Webinar,High,Large,Yes,No_Response,Referral,Low
9,46.8,57.2,0.3,0.6,32,Clicked,No,Demo_Request,High,Enterprise,Yes,Failure,Paid_Ads,High
2,6.6,86.0,0.5,0.3,5,Replied,No,Demo_Request,High,Enterprise,No,No_Contact,Paid_Ads,High
3,15.6,52.6,0.1,0.1,20,No_Response,No,Page_View,Low,Small,Yes,In_Progress,Website,Low
9,54.8,68.5,0.3,0.6,5,No_Response,No,Demo_Request,Medium,Enterprise,Yes,No_Response,Social,High
8,11.9,51.3,0.3,0.5,17,Replied,No,Webinar,Medium,Small,No,No_Contact,Referral,Medium
14,28.9,48.9,0.3,0.5,2,Opened,Yes,Form_Submit,High,Enterprise,Yes,Success,Organic_Search,High
6,18.1,43.8,0.2,0.2,17,Opened,No,Content_Download,Medium,Small,No,No_Contact,Website,Medium
5,26.3,54.1,0.2,0.3,13,Opened,No,Webinar,Medium,Large,Yes,Failure,Website,Medium
2,6.1,47.7,0.1,0.4,27,Opened,No,Form_Submit,Medium,Enterprise,No,No_Contact,Paid_Ads,Low
3,1.3,46.9,0.5,0.5,32,Clicked,No,Webinar,Low,Small,Yes,No_Response,Paid_Ads,Medium
7,21.7,3.0,0.1,0.6,17,No_Response,No,Page_View,Medium,Enterprise,No,No_Contact,Social,Low
2,5.2,15.4,0.3,0.5,57,Replied,No,Form_Submit,Low,Enterprise,Yes,Failure,Social,Low
4,8.6,32.0,0.3,0.7,31,No_Response,No,Form_Submit,High,Small,Yes,In_Progress,Referral,Low
9,12.1,51.6,0.3,0.8,20,Replied,Yes,Demo_Request,High,Medium,Yes,No_Response,Referral,High
1,2.8,17.2,0.1,0.4,26,No_Response,No,Page_View,Medium,Medium,No,No_Contact,Organic_Search,Low
6,15.3,52.5,0.1,0.7,2,Opened,Yes,Content_Download,High,Medium,Yes,No_Response,Referral,Low
1,2.4,57.8,0.0,0.8,48,Clicked,No,Webinar,Medium,Small,No,No_Contact,Social,Low
15,55.5,35.8,0.3,0.4,30,No_Response,No,Content_Download,Low,Large,No,No_Contact,Paid_Ads,Medium
10,28.7,68.5,0.3,0.4,25,Replied,Yes,Form_Submit,Low,Enterprise,Yes,In_Progress,Social,High
6,20.8,98.6,0.4,0.2,6,Clicked,No,Webinar,Low,Large,No,No_Contact,Website,High
5,10.7,74.6,0.3,0.3,33,Opened,No,Pricing_Page,Low,Medium,No,No_Contact,Organic_Search,Medium
9,30.1,15.7,0.5,0.2,35,Replied,No,Page_View,Low,Small,Yes,No_Response,Referral,Medium
1,2.8,11.3,0.1,0.3,56,Opened,No,Demo_Request,Low,Large,Yes,Failure,Website,Low
8,32.3,12.9,0.3,0.3,26,Replied,Yes,Webinar,Medium,Medium,Yes,No_Response,Social,Medium
4,14.5,36.2,0.0,0.1,47,No_Response,Yes,Page_View,Low,Large,Yes,Success,Website,Low
8,27.9,23.3,0.2,0.5,27,No_Response,Yes,Form_Submit,Medium,Medium,No,No_Contact,Email_Campaign,Low
3,13.0,48.7,0.4,0.2,61,No_Response,No,Pricing_Page,Low,Large,No,No_Contact,Website,Low
8,51.9,98.4,0.2,0.2,1,Replied,Yes,Form_Submit,Low,Small,Yes,Success,Website,High
6,26.9,62.1,0.0,0.4,17,Opened,No,Page_View,High,Medium,No,No_Contact,Email_Campaign,Medium
11,16.2,67.0,0.2,0.5,1,Opened,Yes,Webinar,High,Enterprise,Yes,In_Progress,Social,High
2,9.5,31.7,0.2,0.3,4,Clicked,No,Page_View,Low,Small,Yes,No_Response,Website,Medium
7,27.0,86.7,0.5,0.9,1,Replied,No,Form_Submit,High,Enterprise,Yes,Failure,Referral,High
10,16.7,79.8,0.5,0.6,17,Replied,No,Page_View,Medium,Enterprise,Yes,Success,Social,High
9,53.7,100.0,0.2,0.2,27,Replied,No,Pricing_Page,Medium,Medium,Yes,Failure,Referral,High
11,24.9,59.2,0.3,0.2,1,Opened,No,Webinar,Medium,Medium,Yes,Success,Website,High
13,32.4,86.7,0.4,0.2,10,Clicked,No,Demo_Request,Medium,Enterprise,No,No_Contact,Email_Campaign,High
18,0.5,51.3,0.3,0.5,5,Opened,No,Page_View,Medium,Small,No,No_Contact,Website,High
1,3.3,3.0,0.0,0.4,59,Opened,No,Webinar,Low,Enterprise,No,No_Contact,Website,Low
10,20.9,29.0,0.3,0.8,58,Clicked,Yes,Content_Download,Low,Small,Yes,Success,Paid_Ads,Low
8,27.0,22.6,0.3,0.4,44,Replied,Yes,Demo_Request,Low,Medium,No,No_Contact,Paid_Ads,Low
1,2.9,54.3,0.2,0.4,37,Replied,No,Webinar,Medium,Medium,Yes,Success,Referral,Medium
4,28.7,39.0,0.4,0.4,42,Clicked,No,Form_Submit,Medium,Enterprise,Yes,In_Progress,Website,Medium
10,23.5,32.6,0.2,0.3,4,Clicked,No,Form_Submit,Low,Large,No,No_Contact,Paid_Ads,High
6,20.7,40.8,0.4,0.3,9,Clicked,Yes,Page_View,High,Enterprise,No,No_Contact,Referral,High
14,19.5,48.0,0.4,0.3,1,Replied,No,Demo_Request,High,Medium,No,No_Contact,Paid_Ads,High
1,5.7,26.2,0.2,0.4,37,No_Response,No,Form_Submit,Medium,Medium,No,No_Contact,Email_Campaign,Low
1,3.5,40.0,0.0,0.1,31,Clicked,No,Page_View,High,Medium,Yes,In_Progress,Organic_Search,Low
1,1.5,38.2,0.3,0.6,24,Replied,No,Form_Submit,High,Medium,Yes,No_Response,Email_Campaign,Medium
6,16.8,58.5,0.3,0.5,26,Clicked,No,Form_Submit,Medium,Large,Yes,Success,Organic_Search,Medium
1,1.4,42.3,0.3,0.7,35,Replied,No,Page_View,Low,Small,No,No_Contact,Social,Medium
13,33.3,100.0,0.3,0.5,3,Clicked,Yes,Form_Submit,Medium,Enterprise,Yes,No_Response,Email_Campaign,High
1,1.4,57.7,0.0,0.5,32,Replied,Yes,Form_Submit,Low,Small,Yes,Failure,Email_Campaign,Low
1,6.3,3.0,0.2,0.5,38,Opened,No,Content_Download,Medium,Medium,No,No_Contact,Organic_Search,Low
2,12.1,91.7,0.6,0.5,25,Clicked,No,Pricing_Page,High,Large,No,No_Contact,Website,High
6,11.7,39.2,0.1,0.5,20,No_Response,No,Content_Download,Medium,Small,Yes,Failure,Paid_Ads,Low
2,5.5,40.2,0.2,0.3,1,Opened,No,Content_Download,High,Medium,No,No_Contact,Organic_Search,Medium
5,15.2,34.7,0.5,0.5,28,Clicked,No,Page_View,Medium,Small,No,No_Contact,Social,Medium
4,7.9,65.8,0.4,0.3,69,Replied,Yes,Webinar,Medium,Small,No,No_Contact,Paid_Ads,Low
1,1.7,3.0,0.0,0.2,18,Opened,Yes,Form_Submit,Low,Large,No,No_Contact,Organic_Search,Low
3,10.9,79.0,0.0,0.6,37,Opened,No,Page_View,High,Enterprise,No,No_Contact,Paid_Ads,Medium
3,7.7,28.8,0.2,0.7,44,No_Response,No,Content_Download,Medium,Enterprise,No,No_Contact,Email_Campaign,Low
4,13.7,26.5,0.4,0.1,21,Clicked,No,Demo_Request,High,Small,Yes,In_Progress,Social,Low
1,5.9,29.0,0.2,0.4,17,No_Response,No,Content_Download,High,Medium,No,No_Contact,Paid_Ads,Low
10,5.1,62.3,0.2,0.3,17,No_Response,No,Webinar,High,Medium,No,No_Contact,Email_Campaign,Medium
7,18.4,40.6,0.2,0.4,25,Replied,No,Demo_Request,Medium,Medium,Yes,In_Progress,Organic_Search,Medium
9,56.0,56.4,0.3,0.5,22,No_Response,No,Page_View,Medium,Small,Yes,Failure,Paid_Ads,Low
3,11.9,32.3,0.2,0.4,24,Clicked,No,Pricing_Page,High,Small,Yes,Success,Website,Medium
4,20.8,45.8,0.1,0.4,49,No_Response,No,Content_Download,Low,Medium,No,No_Contact,Organic_Search,Low
9,46.2,46.1,0.5,0.4,20,No_Response,No,Demo_Request,Medium,Medium,No,No_Contact,Paid_Ads,High
12,54.7,89.9,0.5,0.6,1,Replied,Yes,Demo_Request,Low,Medium,No,No_Contact,Referral,High
9,32.4,52.0,0.2,0.5,16,Clicked,Yes,Content_Download,Low,Medium,Yes,In_Progress,Paid_Ads,Medium
10,27.5,70.1,0.5,0.2,8,Replied,No,Demo_Request,Medium,Medium,No,No_Contact,Website,High
6,17.6,72.7,0.3,0.6,18,Replied,Yes,Content_Download,Medium,Large,No,No_Contact,Paid_Ads,High
6,32.1,63.6,0.3,0.2,11,Clicked,No,Page_View,High,Small,Yes,In_Progress,Referral,Medium
8,17.9,56.7,0.2,0.5,18,Opened,No,Webinar,Low,Large,Yes,Failure,Email_Campaign,Medium
1,4.2,38.3,0.3,0.6,64,Clicked,No,Webinar,Medium,Large,No,No_Contact,Website,Low
11,15.2,56.3,0.4,0.3,18,Clicked,Yes,Page_View,Medium,Large,Yes,Failure,Organic_Search,High
1,3.3,28.4,0.1,0.5,52,No_Response,No,Page_View,Medium,Small,No,No_Contact,Organic_Search,Low
4,10.9,12.8,0.2,0.8,8,No_Response,No,Page_View,High,Large,Yes,Failure,Referral,Medium
6,8.8,45.8,0.3,0.6,21,Replied,Yes,Pricing_Page,High,Large,Yes,Failure,Paid_Ads,High
13,60.0,24.2,0.3,0.4,1,Replied,No,Pricing_Page,High,Medium,Yes,No_Response,Organic_Search,High
7,27.6,80.8,0.0,0.5,6,Opened,No,Demo_Request,High,Enterprise,Yes,Success,Email_Campaign,High
5,14.5,40.7,0.0,0.6,2,Opened,Yes,Page_View,Medium,Enterprise,Yes,In_Progress,Website,Medium
12,33.5,75.2,0.5,0.3,1,Clicked,Yes,Demo_Request,High,Medium,No,No_Contact,Email_Campaign,High
5,12.7,42.8,0.2,0.7,17,Clicked,Yes,Webinar,High,Small,Yes,Failure,Social,Medium
5,5.7,81.2,0.1,0.7,19,Replied,Yes,Demo_Request,Medium,Enterprise,Yes,No_Response,Website,High
4,10.3,36.9,0.0,0.5,62,Clicked,No,Page_View,Medium,Medium,Yes,In_Progress,Email_Campaign,Low
1,1.9,44.1,0.0,0.6,38,Opened,Yes,Demo_Request,Medium,Large,Yes,In_Progress,Referral,Medium
10,32.0,77.6,0.3,0.4,1,Clicked,Yes,Demo_Request,High,Large,No,No_Contact,Social,High
4,10.7,38.7,0.2,0.9,27,No_Response,No,Form_Submit,Medium,Small,Yes,Failure,Paid_Ads,Medium
5,21.2,43.9,0.5,0.3,1,Replied,Yes,Webinar,Low,Medium,Yes,No_Response,Email_Campaign,High
1,6.2,30.5,0.3,0.8,1,No_Response,No,Page_View,Medium,Large,No,No_Contact,Paid_Ads,Medium
9,27.5,74.6,0.4,0.2,16,Replied,Yes,Demo_Request,High,Medium,Yes,Failure,Paid_Ads,High
1,4.8,56.5,0.3,0.6,25,Opened,No,Page_View,Low,Medium,No,No_Contact,Social,Low
10,38.2,43.0,0.2,0.4,50,Clicked,No,Page_View,Low,Medium,No,No_Contact,Organic_Search,Low
6,8.3,61.0,0.3,0.8,46,No_Response,No,Webinar,Low,Enterprise,No,No_Contact,Social,Medium
3,18.9,58.0,0.3,0.2,6,Opened,No,Content_Download,Medium,Medium,No,No_Contact,Organic_Search,High
2,13.7,28.9,0.2,0.5,32,Clicked,No,Webinar,Medium,Small,No,No_Contact,Organic_Search,Low
3,4.0,57.2,0.0,0.5,13,Opened,No,Webinar,Medium,Large,Yes,In_Progress,Referral,Low
2,6.2,3.0,0.2,0.6,54,No_Response,No,Demo_Request,Medium,Small,No,No_Contact,Social,Low
1,6.0,47.3,0.3,0.5,8,Opened,No,Page_View,Low,Medium,No,No_Contact,Email_Campaign,Medium
10,25.4,71.6,0.3,0.7,21,Replied,Yes,Form_Submit,Low,Large,No,No_Contact,Social,High
1,5.1,31.6,0.1,0.6,34,No_Response,No,Webinar,Low,Medium,No,No_Contact,Paid_Ads,Low
3,14.6,16.2,0.0,0.5,61,Clicked,No,Page_View,Medium,Small,No,No_Contact,Email_Campaign,Low
8,15.2,3.0,0.2,0.3,72,No_Response,No,Page_View,Medium,Enterprise,Yes,Success,Organic_Search,Low
12,11.4,57.9,0.1,0.6,23,Clicked,No,Webinar,Medium,Large,No,No_Contact,Website,Medium
5,15.3,12.3,0.3,0.2,34,No_Response,No,Page_View,High,Enterprise,No,No_Contact,Social,Low
9,13.5,68.7,0.0,0.2,45,No_Response,Yes,Form_Submit,High,Small,No,No_Contact,Organic_Search,Medium
6,18.6,43.8,0.3,0.8,18,Replied,No,Page_View,Medium,Medium,No,No_Contact,Organic_Search,High
1,5.5,68.0,0.1,0.5,14,Opened,No,Form_Submit,High,Medium,No,No_Contact,Referral,Medium
9,28.4,67.5,0.3,0.3,1,Clicked,No,Page_View,Medium,Enterprise,No,No_Contact,Organic_Search,High
5,4.8,51.2,0.3,0.4,37,Opened,No,Form_Submit,Low,Medium,No,No_Contact,Referral,Low
7,21.0,58.7,0.0,0.6,16,Opened,No,Content_Download,Medium,Enterprise,No,No_Contact,Social,Medium
5,13.7,22.5,0.4,0.3,35,Clicked,No,Form_Submit,High,Medium,No,No_Contact,Website,Medium
15,0.5,52.5,0.2,0.4,48,Clicked,Yes,Content_Download,Low,Medium,No,No_Contact,Website,Medium
8,24.2,36.9,0.2,0.5,1,No_Response,No,Page_View,Medium,Enterprise,No,No_Contact,Email_Campaign,High
6,21.1,62.9,0.0,0.7,41,Replied,No,Content_Download,Medium,Small,No,No_Contact,Social,Medium
2,4.1,3.0,0.2,0.4,34,Clicked,No,Form_Submit,Medium,Small,No,No_Contact,Social,Low
1,3.2,42.4,0.2,0.4,24,Clicked,No,Page_View,High,Large,No,No_Contact,Organic_Search,Low
7,37.8,79.4,0.2,0.5,1,Clicked,No,Form_Submit,Medium,Large,Yes,No_Response,Organic_Search,Medium
7,25.8,54.4,0.3,0.5,15,Opened,No,Form_Submit,Medium,Enterprise,No,No_Contact,Referral,High
4,15.6,60.7,0.2,0.5,33,Opened,No,Pricing_Page,Low,Large,No,No_Contact,Website,Medium
1,6.9,29.4,0.2,0.5,41,No_Response,No,Pricing_Page,Medium,Small,Yes,Failure,Email_Campaign,Low
6,39.2,40.8,0.3,0.7,11,Opened,No,Demo_Request,Medium,Medium,No,No_Contact,Organic_Search,Medium
13,28.6,81.0,0.3,0.8,25,Clicked,Yes,Form_Submit,Low,Enterprise,Yes,Failure,Paid_Ads,High
3,10.6,65.6,0.0,0.4,16,Opened,No,Webinar,Low,Small,Yes,Failure,Social,Low
1,2.8,49.7,0.4,0.2,65,No_Response,No,Content_Download,Low,Large,Yes,Failure,Referral,Low
1,2.5,28.6,0.3,0.3,24,Opened,No,Webinar,Low,Large,No,No_Contact,Paid_Ads,Low
1,2.9,3.2,0.3,0.5,32,Clicked,No,Pricing_Page,Medium,Large,Yes,Failure,Paid_Ads,Low
4,13.4,47.2,0.4,0.4,32,No_Response,No,Content_Download,Low,Medium,Yes,Failure,Referral,Medium
4,14.0,62.9,0.3,0.6,28,Replied,Yes,Demo_Request,Low,Medium,No,No_Contact,Paid_Ads,Medium
8,21.2,46.7,0.5,0.6,6,Opened,No,Webinar,Low,Large,Yes,Success,Referral,High
1,1.1,54.0,0.2,0.4,27,Replied,No,Page_View,Medium,Small,Yes,Failure,Social,Medium
3,16.6,9.3,0.2,0.5,42,Replied,No,Webinar,High,Large,No,No_Contact,Social,Low
6,32.5,10.2,0.1,0.8,53,Opened,No,Demo_Request,High,Enterprise,No,No_Contact,Organic_Search,Low
3,10.6,3.0,0.0,0.5,54,Clicked,No,Page_View,Medium,Small,No,No_Contact,Referral,Low
9,59.5,90.0,0.4,0.3,11,Replied,No,Demo_Request,High,Large,No,No_Contact,Paid_Ads,High
1,1.3,31.3,0.1,0.6,36,No_Response,Yes,Page_View,Medium,Medium,No,No_Contact,Email_Campaign,Low
8,19.9,79.1,0.2,0.8,1,Replied,No,Form_Submit,High,Medium,Yes,Success,Website,High
10,40.6,62.8,0.3,0.3,15,Replied,No,Content_Download,Medium,Enterprise,Yes,Failure,Paid_Ads,High
5,24.0,55.6,0.2,0.6,24,No_Response,No,Pricing_Page,High,Medium,Yes,Failure,Social,Medium
4,7.5,23.0,0.2,0.5,34,Clicked,Yes,Webinar,Medium,Enterprise,No,No_Contact,Social,Low
4,7.3,18.2,0.2,0.3,21,Clicked,Yes,Content_Download,High,Enterprise,No,No_Contact,Website,Medium
10,43.7,41.6,0.3,0.6,8,Replied,No,Demo_Request,Low,Large,Yes,No_Response,Social,Medium
9,45.7,61.7,0.3,0.5,21,Opened,No,Pricing_Page,Low,Large,No,No_Contact,Social,Medium
7,59.3,14.2,0.0,0.2,32,No_Response,No,Form_Submit,Medium,Large,No,No_Contact,Email_Campaign,Low
5,30.0,52.7,0.4,0.8,5,Clicked,No,Pricing_Page,Medium,Large,Yes,Success,Organic_Search,High
2,4.0,13.5,0.5,0.8,53,No_Response,No,Webinar,Low,Small,No,No_Contact,Email_Campaign,Low
3,16.2,53.5,0.5,0.4,10,Replied,No,Form_Submit,Medium,Medium,Yes,Success,Paid_Ads,High
1,5.0,26.0,0.3,0.1,22,No_Response,No,Demo_Request,High,Small,No,No_Contact,Social,Medium
1,2.8,41.9,0.0,1.0,38,No_Response,Yes,Pricing_Page,Low,Large,Yes,Failure,Referral,Low
9,54.5,46.5,0.3,0.6,7,Replied,No,Content_Download,Medium,Enterprise,No,No_Contact,Referral,High
9,27.2,96.1,0.2,0.7,1,Replied,Yes,Content_Download,High,Enterprise,Yes,In_Progress,Social,High
2,5.7,29.7,0.1,0.4,33,No_Response,Yes,Content_Download,High,Large,No,No_Contact,Website,Low
8,31.8,39.8,0.2,0.5,32,Clicked,Yes,Content_Download,Medium,Enterprise,Yes,In_Progress,Organic_Search,Medium
1,3.4,33.3,0.1,0.4,37,No_Response,No,Form_Submit,High,Small,Yes,Failure,Email_Campaign,Low
4,25.4,34.0,0.3,0.5,32,Opened,No,Page_View,Low,Large,No,No_Contact,Social,Medium
11,35.7,44.2,0.5,0.4,1,No_Response,No,Pricing_Page,High,Large,Yes,Success,Website,High
4,16.9,37.0,0.2,0.4,42,No_Response,No,Content_Download,Low,Medium,No,No_Contact,Website,Low
14,60.0,81.6,0.4,0.7,3,Replied,No,Form_Submit,High,Large,Yes,In_Progress,Social,High
4,28.3,70.1,0.3,0.5,46,Opened,No,Content_Download,Low,Large,Yes,In_Progress,Paid_Ads,Medium
1,2.7,69.6,0.1,0.4,10,No_Response,No,Page_View,High,Medium,No,No_Contact,Social,Medium
3,12.3,10.6,0.5,0.6,56,No_Response,No,Content_Download,Low,Medium,No,No_Contact,Referral,Low
3,14.7,48.5,0.5,0.1,1,Clicked,No,Page_View,Medium,Large,Yes,No_Response,Social,Medium
11,37.8,89.7,0.3,0.5,1,Clicked,Yes,Demo_Request,High,Enterprise,Yes,Success,Paid_Ads,High
7,22.3,33.8,0.2,0.5,18,Opened,No,Demo_Request,Low,Large,Yes,In_Progress,Email_Campaign,Medium
6,31.0,50.1,0.1,0.4,28,No_Response,No,Page_View,Medium,Large,No,No_Contact,Email_Campaign,Low
7,19.4,47.0,0.2,0.4,35,Opened,No,Page_View,Medium,Large,Yes,Success,Paid_Ads,Medium
4,6.8,31.8,0.3,0.6,31,Replied,No,Webinar,High,Medium,No,No_Contact,Social,Medium
1,2.6,56.7,0.2,0.5,28,No_Response,No,Page_View,Medium,Small,No,No_Contact,Paid_Ads,Low
5,24.2,44.0,0.4,0.4,17,No_Response,No,Demo_Request,Low,Small,Yes,No_Response,Paid_Ads,Medium
8,12.1,73.4,0.6,0.5,1,Replied,Yes,Demo_Request,Medium,Large,No,No_Contact,Email_Campaign,High
4,8.9,21.6,0.3,0.5,30,No_Response,No,Page_View,Medium,Large,No,No_Contact,Email_Campaign,Low
2,8.7,38.6,0.1,0.4,14,Clicked,No,Demo_Request,High,Enterprise,No,No_Contact,Organic_Search,Medium
4,0.8,28.4,0.3,0.4,7,Opened,Yes,Demo_Request,Low,Medium,Yes,No_Response,Referral,Medium
5,3.0,64.1,0.0,0.6,13,Clicked,No,Pricing_Page,Low,Medium,No,No_Contact,Website,Medium
3,16.3,36.6,0.2,0.7,47,No_Response,No,Page_View,Medium,Large,No,No_Contact,Paid_Ads,Low
6,26.3,62.2,0.5,0.5,1,No_Response,No,Form_Submit,High,Large,No,No_Contact,Email_Campaign,High
3,15.8,36.5,0.2,0.6,35,Replied,Yes,Demo_Request,Medium,Enterprise,No,No_Contact,Website,Low
1,4.6,11.3,0.0,0.4,27,Clicked,Yes,Form_Submit,Low,Medium,Yes,Success,Organic_Search,Low
1,5.2,9.2,0.2,0.4,9,Clicked,Yes,Webinar,Low,Small,No,No_Contact,Referral,Medium
10,25.1,44.6,0.2,0.7,12,Opened,Yes,Webinar,Low,Small,No,No_Contact,Website,Medium
2,6.0,47.7,0.3,0.6,9,Replied,No,Form_Submit,Low,Medium,No,No_Contact,Organic_Search,Medium
5,29.9,59.9,0.2,0.5,16,Opened,No,Form_Submit,Low,Small,Yes,In_Progress,Organic_Search,High
2,5.3,28.3,0.3,0.6,43,Clicked,No,Demo_Request,High,Small,Yes,Failure,Email_Campaign,Medium
9,8.3,53.8,0.5,0.7,7,Replied,No,Demo_Request,Medium,Enterprise,Yes,Success,Email_Campaign,High
9,28.0,64.1,0.6,0.5,15,Clicked,No,Form_Submit,High,Enterprise,No,No_Contact,Paid_Ads,High
7,38.2,11.4,0.4,0.4,29,Opened,Yes,Webinar,Medium,Small,Yes,Success,Website,Medium
6,9.5,20.9,0.5,0.4,63,Clicked,No,Page_View,Medium,Medium,No,No_Contact,Paid_Ads,Low
1,4.3,37.1,0.1,0.5,38,Clicked,No,Content_Download,Medium,Small,No,No_Contact,Referral,Low
5,21.6,24.8,0.2,0.6,50,No_Response,Yes,Demo_Request,Low,Enterprise,Yes,No_Response,Email_Campaign,Low
2,5.2,26.4,0.2,0.3,37,Clicked,No,Form_Submit,Low,Small,No,No_Contact,Social,Medium
4,11.4,70.8,0.4,0.2,9,Clicked,No,Page_View,Low,Small,No,No_Contact,Social,Medium
12,29.4,81.8,0.4,0.4,7,Clicked,No,Demo_Request,Medium,Small,Yes,In_Progress,Organic_Search,High
14,60.0,63.5,0.3,0.6,20,Opened,Yes,Demo_Request,Low,Medium,No,No_Contact,Email_Campaign,High
4,10.3,74.9,0.5,0.3,11,Clicked,No,Pricing_Page,High,Large,No,No_Contact,Referral,Medium
7,41.8,83.1,0.2,0.5,16,Replied,No,Content_Download,Low,Large,Yes,Failure,Paid_Ads,High
9,50.3,62.5,0.1,0.5,48,Clicked,No,Form_Submit,Low,Small,No,No_Contact,Paid_Ads,Medium
1,7.3,21.8,0.3,0.5,43,Replied,Yes,Demo_Request,Medium,Enterprise,Yes,No_Response,Paid_Ads,Low
8,23.3,46.8,0.5,0.5,1,Replied,Yes,Demo_Request,Medium,Large,Yes,Success,Website,High
5,25.7,3.0,0.1,0.1,50,Clicked,Yes,Page_View,Low,Large,No,No_Contact,Website,Low
7,48.1,58.9,0.3,0.4,19,Replied,Yes,Pricing_Page,Medium,Medium,Yes,Failure,Organic_Search,Medium
10,49.5,11.1,0.1,0.7,48,No_Response,No,Content_Download,Low,Medium,No,No_Contact,Social,Low
7,14.1,3.0,0.1,0.6,30,No_Response,No,Page_View,Medium,Small,No,No_Contact,Social,Low
11,39.3,28.3,0.4,0.2,1,Clicked,No,Content_Download,Low,Enterprise,Yes,Success,Paid_Ads,High
4,16.2,21.9,0.0,0.5,49,Replied,No,Form_Submit,Medium,Medium,Yes,Failure,Paid_Ads,Low
9,60.0,8.2,0.3,0.1,19,Clicked,Yes,Pricing_Page,Medium,Medium,No,No_Contact,Referral,Medium
2,3.8,13.9,0.0,0.5,63,Replied,No,Pricing_Page,High,Enterprise,No,No_Contact,Organic_Search,Low
6,13.7,43.8,0.2,0.5,53,Clicked,No,Form_Submit,Medium,Small,No,No_Contact,Referral,Low
8,15.0,67.6,0.5,0.2,18,Replied,No,Webinar,Medium,Medium,No,No_Contact,Website,High
6,13.7,38.3,0.1,0.2,73,No_Response,Yes,Demo_Request,Medium,Medium,No,No_Contact,Organic_Search,Low
11,33.2,81.2,0.4,0.4,1,Clicked,No,Form_Submit,High,Large,Yes,Success,Social,High
10,29.7,19.4,0.4,0.3,11,Clicked,No,Webinar,Medium,Enterprise,Yes,In_Progress,Paid_Ads,Medium
6,38.6,20.5,0.2,0.5,32,Clicked,Yes,Demo_Request,Low,Enterprise,Yes,Success,Website,Low
12,47.6,50.0,0.2,0.4,9,Clicked,Yes,Page_View,Low,Large,Yes,No_Response,Paid_Ads,High
8,19.5,66.5,0.3,0.5,17,Opened,No,Pricing_Page,High,Large,Yes,No_Response,Organic_Search,High
10,56.2,41.6,0.3,0.3,3,Replied,Yes,Content_Download,Medium,Enterprise,No,No_Contact,Referral,Medium
15,60.0,57.8,0.5,0.2,29,Clicked,No,Form_Submit,High,Medium,No,No_Contact,Social,High
6,36.2,65.2,0.3,0.2,1,Clicked,No,Form_Submit,Medium,Large,Yes,Success,Paid_Ads,High
12,60.0,86.2,0.4,0.8,12,Clicked,No,Webinar,Low,Medium,No,No_Contact,Website,High
6,13.9,30.5,0.0,0.3,57,Opened,No,Page_View,Low,Medium,Yes,No_Response,Paid_Ads,Low
8,21.5,22.5,0.0,0.4,1,No_Response,Yes,Form_Submit,High,Small,No,No_Contact,Email_Campaign,Medium
1,2.6,13.8,0.0,0.2,24,No_Response,No,Webinar,Medium,Small,No,No_Contact,Organic_Search,Low
4,15.9,75.9,0.5,0.7,7,Clicked,No,Webinar,High,Enterprise,Yes,No_Response,Social,High
6,41.0,25.3,0.2,0.3,20,Replied,No,Webinar,High,Enterprise,No,No_Contact,Website,Medium
6,20.4,38.5,0.2,0.4,23,Replied,No,Content_Download,Low,Small,No,No_Contact,Social,Low
2,5.8,3.0,0.2,0.3,26,Clicked,No,Demo_Request,High,Medium,No,No_Contact,Paid_Ads,Medium
5,36.9,53.2,0.4,0.3,36,Opened,No,Pricing_Page,Low,Medium,No,No_Contact,Organic_Search,Low
1,6.7,3.0,0.2,0.4,44,Opened,No,Form_Submit,Low,Small,Yes,Failure,Organic_Search,Low
12,58.1,17.2,0.0,0.4,48,Clicked,No,Demo_Request,Low,Small,No,No_Contact,Organic_Search,Low
10,50.2,66.1,0.1,0.4,13,Replied,Yes,Pricing_Page,Low,Large,Yes,No_Response,Paid_Ads,High
1,2.7,43.5,0.0,0.6,1,Clicked,Yes,Pricing_Page,Low,Medium,No,No_Contact,Organic_Search,Medium
10,30.3,35.1,0.6,0.1,1,No_Response,Yes,Content_Download,Low,Enterprise,No,No_Contact,Website,High
10,18.4,72.6,0.4,0.3,2,Replied,No,Form_Submit,High,Enterprise,No,No_Contact,Paid_Ads,High
11,27.3,42.9,0.2,0.5,1,Replied,Yes,Demo_Request,Medium,Small,Yes,Success,Email_Campaign,High
10,54.3,43.1,0.3,0.4,1,Replied,Yes,Pricing_Page,Low,Medium,No,No_Contact,Email_Campaign,Medium
8,60.0,81.1,0.3,0.4,1,Replied,Yes,Content_Download,High,Medium,Yes,In_Progress,Social,High
7,19.0,75.0,0.2,0.2,27,Replied,No,Content_Download,High,Large,No,No_Contact,Website,High
10,50.1,53.3,0.4,0.5,11,No_Response,Yes,Pricing_Page,Low,Large,Yes,Success,Website,High
2,5.4,12.3,0.0,0.8,49,Opened,Yes,Form_Submit,Low,Large,No,No_Contact,Paid_Ads,Low
5,0.5,77.8,0.4,0.4,1,Opened,No,Form_Submit,High,Small,Yes,Success,Organic_Search,High
1,2.6,34.2,0.4,0.8,29,Opened,No,Webinar,Medium,Enterprise,Yes,Failure,Paid_Ads,Medium
15,60.0,49.0,0.2,0.2,29,Replied,Yes,Webinar,Medium,Enterprise,No,No_Contact,Email_Campaign,High
8,19.7,44.8,0.1,0.7,1,Opened,No,Form_Submit,Medium,Medium,Yes,Success,Organic_Search,Medium
4,21.3,20.1,0.2,0.3,34,Clicked,No,Webinar,Medium,Medium,Yes,No_Response,Referral,Low
7,30.7,25.2,0.0,0.6,51,Opened,No,Demo_Request,Low,Small,Yes,No_Response,Website,Low
11,47.8,27.7,0.1,0.4,37,No_Response,No,Content_Download,Low,Small,No,No_Contact,Paid_Ads,Low
4,26.4,55.2,0.1,0.6,22,Clicked,Yes,Pricing_Page,Medium,Enterprise,No,No_Contact,Email_Campaign,Medium
3,13.7,41.5,0.4,0.5,22,Opened,No,Demo_Request,High,Large,Yes,Success,Website,High
12,54.6,65.5,0.5,0.6,24,Clicked,No,Content_Download,Medium,Enterprise,No,No_Contact,Email_Campaign,High
1,2.4,49.0,0.3,0.4,30,Opened,Yes,Webinar,Medium,Enterprise,Yes,Success,Paid_Ads,Medium
6,28.9,50.5,0.3,0.4,25,Clicked,No,Content_Download,High,Large,No,No_Contact,Website,Medium
10,41.4,29.0,0.4,0.4,26,Replied,Yes,Pricing_Page,Medium,Enterprise,No,No_Contact,Referral,High
6,10.1,39.1,0.3,0.5,51,Clicked,No,Form_Submit,Medium,Medium,No,No_Contact,Email_Campaign,Medium
11,36.1,77.2,0.6,0.4,1,Opened,No,Form_Submit,High,Small,Yes,In_Progress,Social,High
9,50.0,57.4,0.2,0.7,19,Opened,No,Content_Download,Medium,Large,No,No_Contact,Social,Medium
3,11.1,82.7,0.4,0.6,7,Opened,No,Page_View,Medium,Small,No,No_Contact,Paid_Ads,Medium
14,17.3,41.2,0.0,0.4,1,Clicked,No,Content_Download,Low,Medium,No,No_Contact,Website,Medium
2,6.1,43.8,0.5,0.2,1,Clicked,No,Pricing_Page,High,Large,No,No_Contact,Social,High
1,5.9,38.0,0.1,0.7,33,No_Response,No,Webinar,High,Small,No,No_Contact,Paid_Ads,Low
11,43.3,67.0,0.6,0.6,7,Replied,Yes,Webinar,High,Large,Yes,Failure,Website,High
1,5.7,55.3,0.3,0.1,39,No_Response,No,Webinar,Low,Small,No,No_Contact,Paid_Ads,Low
6,22.3,21.2,0.1,0.6,50,No_Response,No,Demo_Request,Low,Enterprise,Yes,Failure,Email_Campaign,Low
11,38.3,77.8,0.3,0.4,1,Replied,No,Form_Submit,Medium,Medium,No,No_Contact,Website,High
6,23.0,72.4,0.2,0.7,2,Opened,Yes,Demo_Request,High,Small,No,No_Contact,Organic_Search,High
6,13.4,27.5,0.1,0.5,37,Opened,No,Content_Download,Low,Small,Yes,In_Progress,Organic_Search,Medium
4,20.6,27.5,0.3,0.3,44,No_Response,No,Demo_Request,High,Medium,No,No_Contact,Referral,Low
6,5.5,28.6,0.1,0.4,39,Replied,No,Pricing_Page,Low,Small,No,No_Contact,Social,Medium
3,11.2,16.1,0.0,0.4,23,Opened,Yes,Form_Submit,Low,Enterprise,No,No_Contact,Social,Low
8,57.2,23.1,0.6,0.5,20,Replied,Yes,Demo_Request,Medium,Small,No,No_Contact,Organic_Search,High
5,17.0,30.0,0.2,0.6,24,Replied,No,Webinar,Low,Small,Yes,Failure,Organic_Search,Medium
7,49.3,35.3,0.2,0.6,59,Clicked,No,Pricing_Page,Low,Large,No,No_Contact,Email_Campaign,Low
3,15.1,3.0,0.0,0.4,40,Opened,No,Webinar,Low,Large,No,No_Contact,Email_Campaign,Low
5,5.0,61.9,0.4,0.1,22,Replied,Yes,Page_View,Medium,Small,Yes,In_Progress,Referral,High
9,44.9,62.0,0.4,0.6,13,Replied,No,Content_Download,Medium,Small,No,No_Contact,Email_Campaign,High
5,26.8,9.4,0.3,0.7,34,Replied,Yes,Page_View,High,Enterprise,No,No_Contact,Referral,Medium
4,19.3,57.0,0.1,0.3,27,Replied,Yes,Page_View,High,Small,Yes,Failure,Website,Medium
9,11.9,76.3,0.4,0.6,7,No_Response,No,Demo_Request,Low,Small,No,No_Contact,Social,High
6,22.4,20.0,0.2,0.6,41,Opened,No,Content_Download,High,Large,Yes,In_Progress,Website,Medium
11,60.0,67.6,0.1,0.4,16,Opened,Yes,Form_Submit,High,Large,No,No_Contact,Email_Campaign,Medium
3,12.7,10.0,0.2,0.1,58,Opened,No,Demo_Request,Low,Large,No,No_Contact,Social,Low
9,23.4,88.4,0.4,0.5,11,Clicked,No,Form_Submit,Medium,Large,Yes,In_Progress,Referral,High
11,60.0,70.6,0.3,0.2,14,Opened,Yes,Form_Submit,Low,Medium,No,No_Contact,Organic_Search,High
4,10.0,21.9,0.0,0.6,19,No_Response,Yes,Webinar,High,Medium,Yes,No_Response,Referral,Low
1,4.4,26.3,0.4,0.5,1,Clicked,Yes,Content_Download,High,Medium,Yes,Failure,Paid_Ads,Medium
6,50.2,68.6,0.1,0.4,30,Replied,Yes,Webinar,Medium,Large,No,No_Contact,Referral,Medium
13,40.9,79.8,0.4,0.1,1,Opened,Yes,Pricing_Page,Medium,Enterprise,No,No_Contact,Email_Campaign,High
10,16.5,56.8,0.3,0.5,1,Clicked,No,Demo_Request,High,Enterprise,No,No_Contact,Organic_Search,High
4,12.5,27.8,0.1,0.6,20,Opened,Yes,Form_Submit,High,Large,No,No_Contact,Paid_Ads,Low
7,28.0,69.3,0.3,0.6,18,No_Response,Yes,Demo_Request,Medium,Small,No,No_Contact,Organic_Search,Medium
4,9.4,46.6,0.3,0.3,22,Replied,Yes,Page_View,Low,Enterprise,No,No_Contact,Email_Campaign,High
8,26.2,29.4,0.1,0.6,18,Opened,Yes,Demo_Request,Low,Large,Yes,Success,Website,Medium
6,32.1,75.0,0.2,0.6,47,Opened,No,Webinar,High,Medium,No,No_Contact,Social,Low
9,43.9,55.0,0.0,0.5,44,Clicked,Yes,Content_Download,Medium,Large,No,No_Contact,Email_Campaign,Medium
1,3.0,38.8,0.1,0.8,48,Opened,No,Page_View,Medium,Enterprise,No,No_Contact,Social,Low
7,16.9,71.1,0.2,0.1,35,No_Response,Yes,Demo_Request,Medium,Large,Yes,Success,Website,Low
6,42.4,59.6,0.4,0.3,41,Clicked,No,Demo_Request,Medium,Large,No,No_Contact,Organic_Search,Medium
1,3.1,41.7,0.2,0.4,25,Clicked,No,Webinar,Medium,Large,No,No_Contact,Organic_Search,Medium
11,60.0,58.4,0.1,0.8,34,Opened,Yes,Pricing_Page,Medium,Medium,No,No_Contact,Website,Low
3,12.8,30.8,0.4,0.5,48,Clicked,No,Content_Download,Medium,Large,Yes,Failure,Email_Campaign,Low
8,12.2,55.0,0.6,0.3,1,Clicked,No,Webinar,Low,Enterprise,Yes,Success,Social,High
6,38.2,46.8,0.1,0.6,43,Clicked,No,Pricing_Page,Low,Small,No,No_Contact,Paid_Ads,Low
9,10.2,10.1,0.1,0.3,6,Opened,Yes,Content_Download,High,Small,Yes,In_Progress,Referral,Medium
1,3.6,58.0,0.4,0.4,29,Replied,No,Form_Submit,Medium,Medium,Yes,In_Progress,Paid_Ads,High
1,2.7,74.5,0.0,0.4,51,Replied,Yes,Pricing_Page,Low,Small,Yes,Success,Social,Low
6,23.7,26.8,0.2,0.5,19,Opened,No,Form_Submit,Low,Small,No,No_Contact,Social,Medium
8,31.8,46.8,0.4,0.4,16,Replied,No,Content_Download,Medium,Medium,No,No_Contact,Email_Campaign,High
12,60.0,53.1,0.0,0.6,29,Opened,No,Demo_Request,Low,Small,No,No_Contact,Referral,Medium
1,1.6,34.6,0.0,0.3,52,No_Response,No,Content_Download,Low,Medium,Yes,Failure,Website,Low
11,42.4,46.5,0.3,0.1,35,No_Response,Yes,Pricing_Page,High,Small,No,No_Contact,Referral,Medium
3,12.5,11.2,0.3,0.5,29,No_Response,No,Demo_Request,High,Medium,No,No_Contact,Social,Medium
5,8.1,72.6,0.5,0.4,19,No_Response,No,Form_Submit,High,Small,Yes,Success,Referral,High
7,12.5,46.4,0.0,0.8,2,Clicked,No,Page_View,Medium,Medium,No,No_Contact,Website,Medium
4,17.4,53.9,0.2,0.2,25,Clicked,Yes,Pricing_Page,Medium,Enterprise,Yes,Success,Website,Medium
6,12.3,8.1,0.2,0.5,28,Clicked,No,Pricing_Page,High,Large,Yes,In_Progress,Paid_Ads,Medium
4,19.4,33.1,0.0,0.5,33,Clicked,No,Demo_Request,Low,Enterprise,No,No_Contact,Paid_Ads,Low
6,30.2,3.0,0.0,0.2,13,No_Response,No,Page_View,Low,Large,No,No_Contact,Paid_Ads,Low
8,33.3,48.1,0.2,0.5,1,Clicked,Yes,Page_View,Low,Small,No,No_Contact,Paid_Ads,High
2,11.2,20.2,0.2,0.7,18,Opened,No,Webinar,Medium,Small,No,No_Contact,Website,Medium
5,21.8,28.2,0.5,0.3,13,No_Response,No,Page_View,Low,Large,Yes,No_Response,Social,Medium
12,41.1,31.0,0.4,0.5,21,Opened,No,Pricing_Page,Medium,Large,No,No_Contact,Organic_Search,High
6,28.0,25.2,0.0,0.4,20,Opened,No,Demo_Request,Medium,Small,No,No_Contact,Email_Campaign,Medium
12,60.0,49.0,0.3,0.5,18,Replied,No,Page_View,Low,Small,Yes,Failure,Website,High
3,6.6,80.8,0.4,0.6,53,Opened,No,Pricing_Page,Medium,Large,Yes,Success,Social,Medium
11,60.0,46.9,0.1,0.4,13,Opened,No,Content_Download,Medium,Medium,No,No_Contact,Email_Campaign,Medium
4,13.5,6.1,0.1,0.4,23,Opened,Yes,Pricing_Page,Low,Large,No,No_Contact,Social,Medium
12,53.1,58.7,0.1,0.6,31,Replied,No,Page_View,Medium,Large,Yes,Success,Paid_Ads,Medium
1,2.5,19.8,0.2,0.9,36,Opened,No,Pricing_Page,Low,Enterprise,No,No_Contact,Organic_Search,Low
5,25.5,5.6,0.0,0.9,48,Replied,No,Webinar,Medium,Medium,No,No_Contact,Organic_Search,Low
7,30.5,18.9,0.1,0.6,17,Clicked,No,Webinar,Low,Medium,No,No_Contact,Website,Low
2,7.1,70.3,0.0,0.5,33,Clicked,No,Form_Submit,High,Medium,Yes,In_Progress,Referral,Medium
13,60.0,46.9,0.0,0.7,57,No_Response,No,Demo_Request,Medium,Small,No,No_Contact,Website,Low
3,4.5,3.8,0.0,0.5,26,Replied,Yes,Pricing_Page,Medium,Small,No,No_Contact,Social,Low
9,28.4,52.2,0.5,0.6,29,Clicked,No,Page_View,High,Medium,No,No_Contact,Referral,Medium
2,5.4,100.0,0.6,0.6,4,Opened,Yes,Demo_Request,High,Medium,Yes,Failure,Website,High
5,34.7,30.1,0.3,0.3,55,Clicked,No,Content_Download,Low,Medium,No,No_Contact,Organic_Search,Low
12,18.9,21.0,0.2,0.6,1,Opened,No,Page_View,High,Small,No,No_Contact,Social,Medium
4,8.1,30.2,0.4,0.3,57,Clicked,Yes,Pricing_Page,Low,Large,No,No_Contact,Organic_Search,Medium
7,22.1,16.8,0.3,0.6,15,No_Response,Yes,Content_Download,High,Enterprise,Yes,Success,Email_Campaign,Low
8,37.6,57.5,0.4,0.1,13,No_Response,No,Content_Download,High,Medium,No,No_Contact,Website,High
2,19.7,41.9,0.4,0.2,67,Clicked,Yes,Content_Download,High,Medium,Yes,Success,Organic_Search,Low
5,9.9,61.6,0.3,0.6,6,Replied,No,Pricing_Page,High,Large,Yes,Failure,Social,High
7,39.4,28.8,0.1,0.2,47,Clicked,No,Page_View,Low,Large,Yes,Failure,Organic_Search,Low
6,19.7,47.0,0.3,0.4,25,Opened,No,Demo_Request,High,Medium,No,No_Contact,Paid_Ads,Medium
9,21.9,55.4,0.3,0.4,8,Replied,No,Form_Submit,High,Large,Yes,In_Progress,Organic_Search,High
9,60.0,46.5,0.2,0.4,42,Opened,No,Webinar,High,Enterprise,Yes,No_Response,Social,Medium
8,46.3,55.2,0.4,0.7,1,No_Response,Yes,Demo_Request,Medium,Small,Yes,No_Response,Referral,Medium
1,5.4,29.4,0.1,0.6,16,Replied,Yes,Webinar,Low,Small,No,No_Contact,Organic_Search,Low
6,20.2,60.7,0.3,0.9,1,Replied,No,Demo_Request,Medium,Medium,No,No_Contact,Social,High
1,4.6,42.6,0.0,0.6,17,Clicked,Yes,Demo_Request,Medium,Small,No,No_Contact,Paid_Ads,Low
6,25.3,33.2,0.4,0.3,10,Opened,No,Webinar,Medium,Medium,No,No_Contact,Organic_Search,Medium
7,7.6,34.7,0.4,0.6,45,Opened,No,Form_Submit,High,Large,No,No_Contact,Email_Campaign,Medium
1,5.1,46.1,0.2,0.7,50,No_Response,No,Page_View,Low,Small,Yes,In_Progress,Paid_Ads,Low
1,4.1,26.4,0.0,0.2,12,No_Response,No,Webinar,Low,Small,No,No_Contact,Email_Campaign,Low
5,21.3,21.6,0.1,0.5,8,Replied,No,Form_Submit,Low,Enterprise,No,No_Contact,Email_Campaign,Medium
7,21.8,85.0,0.2,0.2,2,Opened,No,Demo_Request,High,Large,Yes,No_Response,Paid_Ads,High
1,2.8,3.0,0.0,0.4,60,Clicked,No,Webinar,Low,Small,Yes,In_Progress,Paid_Ads,Low
9,22.4,45.7,0.3,0.7,1,Replied,Yes,Webinar,High,Medium,No,No_Contact,Email_Campaign,High
14,59.4,67.6,0.1,0.3,34,Opened,No,Content_Download,High,Enterprise,Yes,No_Response,Social,High
10,32.7,36.1,0.2,0.6,32,No_Response,No,Pricing_Page,Low,Large,Yes,In_Progress,Website,Low
4,9.3,58.9,0.4,0.6,35,Opened,No,Form_Submit,High,Large,Yes,Success,Organic_Search,High
1,4.9,10.9,0.0,0.7,34,Opened,No,Pricing_Page,Medium,Small,No,No_Contact,Paid_Ads,Low
10,45.2,56.3,0.5,0.2,1,Clicked,No,Pricing_Page,Medium,Large,Yes,Failure,Website,High
3,14.1,51.3,0.0,0.2,32,Replied,No,Form_Submit,High,Large,No,No_Contact,Social,Medium
6,19.4,37.7,0.3,0.4,5,No_Response,Yes,Content_Download,Low,Small,No,No_Contact,Referral,Medium
6,32.5,72.2,0.5,0.5,15,No_Response,No,Pricing_Page,High,Large,No,No_Contact,Website,High
1,1.6,22.2,0.1,0.2,32,Clicked,No,Content_Download,Low,Medium,No,No_Contact,Paid_Ads,Low
5,17.1,36.7,0.1,0.5,53,Clicked,Yes,Demo_Request,Low,Large,Yes,No_Response,Social,Low
5,19.3,54.7,0.2,0.3,34,Opened,No,Pricing_Page,High,Medium,No,No_Contact,Referral,High
8,19.9,29.3,0.3,0.6,1,No_Response,No,Webinar,Low,Medium,Yes,Failure,Paid_Ads,Medium
6,21.4,17.3,0.1,0.4,24,Opened,No,Pricing_Page,Medium,Medium,Yes,Failure,Website,Medium
1,5.5,28.9,0.3,0.6,19,No_Response,No,Form_Submit,Medium,Small,No,No_Contact,Social,Low
6,23.8,3.0,0.0,0.6,44,Clicked,No,Page_View,Medium,Large,Yes,In_Progress,Paid_Ads,Low
5,24.3,54.6,0.1,0.2,21,No_Response,No,Page_View,Low,Small,No,No_Contact,Referral,Low
12,33.5,51.1,0.5,0.3,1,Replied,No,Pricing_Page,Low,Large,No,No_Contact,Paid_Ads,High
4,14.1,84.0,0.3,0.3,1,No_Response,No,Demo_Request,High,Large,No,No_Contact,Social,High
6,32.3,17.0,0.0,0.7,44,Opened,No,Pricing_Page,Low,Small,No,No_Contact,Paid_Ads,Low
10,41.8,37.5,0.2,0.4,3,Replied,No,Pricing_Page,Low,Small,No,No_Contact,Social,High
6,29.0,24.6,0.0,0.7,32,Clicked,No,Page_View,Low,Medium,Yes,No_Response,Paid_Ads,Low
7,10.4,73.4,0.3,0.5,33,Clicked,Yes,Webinar,High,Large,No,No_Contact,Referral,Medium
9,15.0,53.9,0.3,0.5,1,Opened,Yes,Demo_Request,Medium,Small,Yes,Failure,Social,High
4,11.6,7.9,0.0,0.5,42,Replied,No,Demo_Request,High,Small,No,No_Contact,Organic_Search,Low
4,8.9,39.6,0.2,0.9,30,Clicked,No,Form_Submit,Medium,Small,Yes,In_Progress,Email_Campaign,Low
6,11.7,75.0,0.2,0.5,33,Clicked,No,Webinar,Medium,Small,No,No_Contact,Organic_Search,Medium
2,5.8,3.0,0.1,0.6,47,Replied,Yes,Content_Download,Medium,Small,No,No_Contact,Email_Campaign,Low
3,6.7,27.6,0.0,0.9,26,Opened,Yes,Form_Submit,Medium,Medium,Yes,In_Progress,Organic_Search,Medium
8,27.6,20.5,0.1,0.6,27,Opened,Yes,Webinar,High,Enterprise,No,No_Contact,Email_Campaign,Medium
7,22.6,54.3,0.1,0.2,19,Replied,No,Content_Download,Medium,Medium,Yes,In_Progress,Organic_Search,High
5,40.4,17.0,0.4,0.3,40,Clicked,No,Content_Download,High,Enterprise,No,No_Contact,Organic_Search,Low
2,4.5,22.4,0.1,0.1,10,Clicked,No,Webinar,Low,Large,No,No_Contact,Paid_Ads,Low
4,7.5,59.4,0.1,0.4,1,Opened,Yes,Page_View,Medium,Large,Yes,Success,Email_Campaign,High
6,29.3,70.9,0.1,0.4,51,Replied,Yes,Page_View,High,Large,No,No_Contact,Social,Medium
1,1.5,38.2,0.4,0.4,33,Opened,Yes,Form_Submit,Medium,Enterprise,No,No_Contact,Referral,Medium
1,3.1,22.5,0.1,0.6,27,Replied,No,Form_Submit,Low,Medium,No,No_Contact,Social,Low
2,7.0,59.6,0.3,0.5,4,Replied,No,Form_Submit,Low,Medium,Yes,Success,Organic_Search,High
8,11.4,71.6,0.5,0.5,1,Clicked,Yes,Webinar,Medium,Small,Yes,In_Progress,Organic_Search,High
1,0.7,33.1,0.2,0.7,19,Clicked,No,Page_View,High,Enterprise,Yes,Failure,Email_Campaign,Medium
1,2.0,55.2,0.0,0.3,1,Replied,No,Form_Submit,Medium,Large,Yes,No_Response,Organic_Search,Medium
2,7.3,10.0,0.0,0.5,50,No_Response,Yes,Page_View,Low,Small,No,No_Contact,Referral,Low
8,16.1,42.8,0.0,0.8,15,Opened,No,Content_Download,Medium,Medium,No,No_Contact,Email_Campaign,Medium
4,18.0,52.6,0.2,0.5,51,Clicked,No,Content_Download,Medium,Large,No,No_Contact,Organic_Search,Medium
7,34.5,19.7,0.2,0.4,67,Clicked,No,Demo_Request,Medium,Large,No,No_Contact,Social,Low
10,19.3,50.5,0.5,0.5,10,Clicked,No,Demo_Request,High,Enterprise,Yes,Success,Website,High
1,7.3,40.9,0.3,0.5,13,No_Response,Yes,Form_Submit,Low,Medium,Yes,No_Response,Referral,Medium
9,14.5,65.6,0.4,0.5,22,Clicked,Yes,Form_Submit,High,Small,Yes,Success,Website,High
4,14.4,9.6,0.1,0.9,33,Opened,No,Page_View,Low,Small,No,No_Contact,Email_Campaign,Low
3,6.7,32.3,0.1,0.5,23,Opened,No,Page_View,Medium,Small,No,No_Contact,Social,Medium
6,20.8,73.4,0.0,0.6,23,No_Response,No,Demo_Request,High,Medium,No,No_Contact,Paid_Ads,Medium
6,17.8,39.3,0.3,0.5,2,Replied,Yes,Form_Submit,Medium,Large,No,No_Contact,Organic_Search,High
13,1.9,85.4,0.5,0.4,18,Clicked,No,Content_Download,High,Large,Yes,Success,Website,High
6,18.6,45.2,0.2,0.4,39,Clicked,No,Form_Submit,Medium,Medium,No,No_Contact,Organic_Search,Low
7,34.2,33.3,0.2,0.7,27,No_Response,No,Form_Submit,Medium,Large,Yes,No_Response,Referral,Medium
1,1.9,33.9,0.2,0.2,11,Opened,No,Form_Submit,High,Large,Yes,Failure,Website,Medium
1,5.0,36.1,0.0,0.7,55,Clicked,Yes,Form_Submit,High,Medium,Yes,In_Progress,Paid_Ads,Low
8,20.9,84.2,0.6,1.0,1,Clicked,Yes,Webinar,Medium,Large,Yes,Success,Organic_Search,High
1,0.8,26.0,0.3,0.5,48,Opened,No,Page_View,Medium,Small,No,No_Contact,Social,Low
9,18.8,24.8,0.5,0.9,28,Replied,No,Form_Submit,High,Enterprise,Yes,Success,Organic_Search,High
1,4.0,18.1,0.3,0.4,54,Opened,No,Content_Download,Low,Medium,No,No_Contact,Paid_Ads,Low
1,1.5,27.3,0.2,0.3,20,Opened,No,Content_Download,Low,Small,Yes,In_Progress,Paid_Ads,Low
6,14.5,48.2,0.3,0.4,13,No_Response,No,Pricing_Page,Medium,Small,No,No_Contact,Email_Campaign,Medium
16,60.0,91.9,0.5,0.5,17,Replied,No,Demo_Request,Low,Enterprise,No,No_Contact,Email_Campaign,High
5,9.4,52.4,0.5,0.4,1,Clicked,Yes,Webinar,High,Enterprise,No,No_Contact,Website,High
1,1.8,16.0,0.1,0.2,49,Clicked,No,Page_View,Medium,Small,No,No_Contact,Social,Low
4,20.0,24.0,0.5,0.4,55,No_Response,No,Content_Download,Low,Medium,No,No_Contact,Organic_Search,Low
8,32.3,67.1,0.6,0.6,5,No_Response,No,Demo_Request,High,Medium,Yes,In_Progress,Website,High
4,13.4,49.7,0.4,0.5,1,Clicked,No,Form_Submit,High,Small,No,No_Contact,Referral,Medium
6,24.0,67.1,0.0,0.2,15,Clicked,No,Page_View,High,Medium,No,No_Contact,Organic_Search,Medium
4,16.7,49.7,0.4,0.6,28,Opened,Yes,Content_Download,Low,Large,Yes,Success,Referral,Medium
1,2.1,77.5,0.3,0.6,27,No_Response,No,Pricing_Page,Medium,Small,No,No_Contact,Email_Campaign,Low
11,26.0,84.9,0.2,0.4,22,Replied,Yes,Demo_Request,High,Large,No,No_Contact,Website,High
12,60.0,27.2,0.3,0.6,27,Clicked,No,Content_Download,Medium,Medium,Yes,Success,Website,Medium
3,12.1,35.8,0.1,0.3,61,Clicked,Yes,Content_Download,Low,Enterprise,No,No_Contact,Website,Low
8,4.1,24.2,0.0,0.2,40,No_Response,No,Demo_Request,High,Medium,No,No_Contact,Website,Low
2,5.8,40.4,0.0,0.7,36,Opened,No,Page_View,Medium,Large,No,No_Contact,Email_Campaign,Medium
7,29.1,36.1,0.1,0.6,31,Clicked,No,Content_Download,Low,Enterprise,Yes,Failure,Paid_Ads,Low
4,0.5,34.4,0.2,0.4,52,No_Response,Yes,Page_View,Low,Medium,Yes,Success,Referral,Low
13,44.7,60.7,0.3,0.3,19,Opened,No,Pricing_Page,Medium,Small,No,No_Contact,Website,Medium
8,48.0,61.1,0.6,0.3,20,Replied,Yes,Content_Download,Medium,Medium,Yes,In_Progress,Social,High
2,5.7,50.8,0.3,0.7,17,Opened,No,Page_View,Medium,Large,No,No_Contact,Paid_Ads,Medium
7,13.6,41.2,0.2,0.4,31,Opened,Yes,Form_Submit,Medium,Large,No,No_Contact,Paid_Ads,Medium
11,22.9,73.5,0.3,0.8,1,Replied,Yes,Form_Submit,Medium,Enterprise,Yes,Success,Website,High
13,41.3,39.2,0.2,0.4,17,Opened,Yes,Demo_Request,High,Enterprise,No,No_Contact,Organic_Search,High
12,50.1,79.6,0.5,0.4,28,No_Response,Yes,Pricing_Page,Low,Small,No,No_Contact,Paid_Ads,High
7,15.8,78.3,0.5,0.8,3,Replied,Yes,Pricing_Page,High,Large,No,No_Contact,Social,High
1,2.5,4.9,0.0,0.6,19,No_Response,No,Pricing_Page,Low,Small,Yes,Failure,Organic_Search,Low
11,60.0,71.8,0.3,0.5,10,Clicked,Yes,Pricing_Page,High,Enterprise,No,No_Contact,Website,High
1,3.7,92.1,0.1,0.3,48,No_Response,No,Form_Submit,Medium,Small,Yes,Failure,Email_Campaign,Low
2,9.9,32.6,0.0,0.4,6,Opened,Yes,Webinar,Medium,Enterprise,Yes,In_Progress,Paid_Ads,Medium
2,3.7,50.3,0.3,0.6,35,Opened,No,Page_View,Low,Medium,Yes,Failure,Referral,Medium
8,11.6,75.6,0.4,0.6,31,Replied,No,Demo_Request,Medium,Medium,No,No_Contact,Referral,High
1,3.8,60.2,0.2,0.2,15,Clicked,No,Webinar,Low,Medium,No,No_Contact,Email_Campaign,Low
2,9.7,25.6,0.2,0.3,42,Clicked,Yes,Page_View,Low,Small,No,No_Contact,Website,Medium
9,21.0,55.8,0.2,0.1,1,Replied,Yes,Page_View,High,Large,No,No_Contact,Referral,High
1,2.4,7.9,0.1,0.3,71,Opened,No,Form_Submit,High,Medium,No,No_Contact,Social,Low
6,27.2,28.9,0.4,0.4,21,Opened,No,Webinar,High,Enterprise,Yes,Failure,Organic_Search,Medium
9,35.7,51.6,0.3,0.5,25,Replied,Yes,Demo_Request,High,Enterprise,Yes,In_Progress,Social,High
13,60.0,50.1,0.3,0.4,14,Clicked,Yes,Webinar,Low,Enterprise,Yes,Success,Website,High
13,60.0,45.4,0.0,0.4,1,No_Response,Yes,Demo_Request,High,Large,Yes,Failure,Organic_Search,High
2,3.8,3.0,0.0,0.3,47,Opened,No,Webinar,Medium,Medium,No,No_Contact,Referral,Low
13,18.6,77.8,0.2,0.6,5,Replied,Yes,Content_Download,High,Medium,Yes,No_Response,Organic_Search,High
7,29.2,3.0,0.2,0.4,42,Clicked,No,Demo_Request,Medium,Enterprise,Yes,Failure,Referral,Low
1,1.8,3.0,0.0,0.4,51,Opened,No,Content_Download,High,Medium,Yes,Success,Email_Campaign,Low
1,7.6,24.2,0.0,0.5,49,Opened,No,Form_Submit,Medium,Large,No,No_Contact,Social,Low
9,48.2,66.8,0.2,0.5,1,Opened,No,Pricing_Page,Medium,Enterprise,No,No_Contact,Website,High
1,3.4,79.2,0.3,0.5,11,Replied,No,Page_View,Low,Small,No,No_Contact,Organic_Search,Medium
7,15.6,41.3,0.0,0.1,1,Opened,Yes,Form_Submit,Medium,Large,No,No_Contact,Organic_Search,Medium
2,14.0,38.6,0.1,0.5,59,No_Response,Yes,Form_Submit,Low,Medium,No,No_Contact,Referral,Low
4,11.7,44.8,0.3,0.6,1,Opened,No,Webinar,Medium,Medium,No,No_Contact,Paid_Ads,Medium
3,7.8,73.2,0.0,0.9,47,Opened,No,Form_Submit,Medium,Medium,No,No_Contact,Paid_Ads,Medium
1,5.0,38.7,0.3,0.3,7,Clicked,No,Webinar,Low,Enterprise,No,No_Contact,Organic_Search,Medium
4,13.4,6.2,0.2,0.2,21,No_Response,No,Demo_Request,Low,Small,Yes,No_Response,Paid_Ads,Low
14,60.0,51.5,0.4,0.5,55,Replied,Yes,Page_View,High,Small,Yes,Failure,Email_Campaign,High
7,24.8,62.9,0.5,0.6,31,Replied,Yes,Demo_Request,High,Small,Yes,Success,Email_Campaign,High
12,17.0,64.5,0.4,0.2,1,No_Response,Yes,Content_Download,Low,Small,Yes,Failure,Referral,High
5,12.2,30.2,0.1,0.5,55,Opened,Yes,Demo_Request,High,Large,No,No_Contact,Organic_Search,Low
8,1.3,4.4,0.0,0.5,43,Opened,No,Page_View,Low,Enterprise,Yes,Failure,Organic_Search,Low
9,32.4,80.2,0.3,0.1,1,Clicked,Yes,Webinar,High,Large,No,No_Contact,Website,High
4,15.9,26.9,0.4,0.3,35,Clicked,No,Content_Download,High,Medium,No,No_Contact,Organic_Search,Low
10,22.3,32.8,0.3,0.4,6,Replied,No,Webinar,High,Enterprise,No,No_Contact,Referral,Medium
12,28.7,59.2,0.3,0.4,2,No_Response,No,Webinar,High,Large,Yes,Failure,Paid_Ads,High
11,34.0,58.9,0.3,0.4,2,Replied,No,Pricing_Page,High,Medium,Yes,Failure,Referral,High
4,4.5,81.3,0.2,0.5,11,No_Response,Yes,Content_Download,High,Medium,Yes,Success,Referral,High
10,33.4,70.3,0.3,0.7,12,Clicked,Yes,Content_Download,High,Large,Yes,In_Progress,Referral,High
3,24.4,31.8,0.1,0.6,28,Clicked,No,Content_Download,Low,Small,No,No_Contact,Website,Low
7,39.6,3.0,0.0,0.4,35,Replied,Yes,Pricing_Page,High,Small,No,No_Contact,Organic_Search,Low
1,3.7,11.9,0.0,0.5,25,Replied,Yes,Content_Download,High,Large,No,No_Contact,Referral,Medium
8,20.4,61.8,0.4,0.6,22,Replied,No,Demo_Request,High,Large,No,No_Contact,Social,High
2,4.8,41.6,0.1,0.7,28,Clicked,No,Page_View,Medium,Small,No,No_Contact,Website,Medium
7,24.9,71.9,0.0,0.4,5,Replied,No,Pricing_Page,Low,Large,Yes,Failure,Paid_Ads,Medium
2,14.0,50.3,0.4,0.7,1,Clicked,Yes,Demo_Request,Medium,Small,Yes,Success,Website,High
6,6.4,39.1,0.3,0.4,25,Clicked,No,Page_View,Medium,Medium,Yes,Failure,Email_Campaign,Medium
11,39.1,64.1,0.5,0.5,1,Replied,Yes,Page_View,High,Enterprise,No,No_Contact,Email_Campaign,High
9,26.8,56.0,0.2,0.4,12,Clicked,No,Pricing_Page,Low,Small,No,No_Contact,Website,Medium
4,16.6,21.7,0.3,0.5,51,No_Response,No,Webinar,Low,Large,Yes,Failure,Paid_Ads,Low
6,15.2,43.5,0.5,0.2,19,Clicked,Yes,Pricing_Page,Low,Enterprise,Yes,Failure,Organic_Search,High
11,26.5,71.7,0.1,0.4,34,Opened,Yes,Page_View,Medium,Medium,No,No_Contact,Referral,High
7,16.9,52.1,0.5,0.1,15,Opened,No,Page_View,High,Small,Yes,No_Response,Website,High
10,19.2,76.2,0.1,0.7,1,Replied,Yes,Form_Submit,High,Medium,Yes,Success,Website,High
3,5.2,14.4,0.2,0.5,23,Opened,No,Pricing_Page,Low,Small,No,No_Contact,Website,Medium
6,18.4,41.0,0.0,0.7,61,Opened,No,Page_View,Low,Small,No,No_Contact,Referral,Low
8,16.8,76.5,0.6,0.6,24,Clicked,Yes,Pricing_Page,Medium,Large,Yes,In_Progress,Website,High
6,22.3,8.8,0.2,0.3,18,Clicked,No,Form_Submit,Low,Medium,No,No_Contact,Referral,Low
10,33.2,34.2,0.6,0.4,10,Replied,No,Form_Submit,Low,Large,Yes,Failure,Email_Campaign,High
8,24.3,75.3,0.4,0.6,7,Opened,No,Webinar,High,Large,No,No_Contact,Organic_Search,High
2,4.0,28.0,0.2,0.4,34,Replied,Yes,Page_View,High,Enterprise,Yes,No_Response,Email_Campaign,Low
1,5.7,24.1,0.1,0.5,16,Opened,No,Webinar,Medium,Medium,No,No_Contact,Social,Low
1,6.9,13.5,0.1,0.2,32,Clicked,No,Form_Submit,Low,Large,No,No_Contact,Organic_Search,Low
1,4.7,59.1,0.1,0.7,11,No_Response,No,Page_View,High,Small,No,No_Contact,Paid_Ads,Low
3,7.2,45.1,0.0,0.4,37,Opened,Yes,Page_View,High,Large,Yes,No_Response,Referral,Low
5,17.9,23.8,0.0,0.4,1,No_Response,No,Webinar,Medium,Medium,No,No_Contact,Referral,Medium
3,20.0,47.6,0.2,0.3,4,Opened,Yes,Page_View,Medium,Large,No,No_Contact,Social,Medium
5,15.7,70.9,0.2,0.6,45,Clicked,Yes,Demo_Request,Low,Enterprise,Yes,In_Progress,Organic_Search,Medium
4,17.4,61.3,0.3,0.4,1,Opened,Yes,Webinar,High,Enterprise,Yes,No_Response,Referral,High
5,7.5,37.6,0.2,0.4,51,Clicked,Yes,Demo_Request,High,Small,No,No_Contact,Paid_Ads,Medium
7,30.0,3.3,0.3,0.6,56,Opened,No,Content_Download,Medium,Enterprise,Yes,No_Response,Organic_Search,Medium
6,20.6,34.1,0.1,0.3,10,Clicked,No,Page_View,Medium,Enterprise,No,No_Contact,Paid_Ads,Medium
5,6.1,25.9,0.0,0.5,39,Opened,Yes,Page_View,High,Medium,No,No_Contact,Organic_Search,Low
7,41.4,56.7,0.0,0.6,3,Clicked,No,Demo_Request,Low,Medium,No,No_Contact,Paid_Ads,High
4,11.5,33.2,0.1,0.6,51,No_Response,No,Content_Download,Medium,Medium,Yes,In_Progress,Organic_Search,Medium
1,2.6,13.8,0.0,0.3,66,Replied,No,Pricing_Page,Low,Medium,Yes,Failure,Email_Campaign,Low
11,29.7,54.4,0.4,0.5,35,Opened,No,Webinar,High,Small,No,No_Contact,Email_Campaign,High
9,42.0,59.0,0.4,0.9,1,Opened,No,Content_Download,High,Small,No,No_Contact,Organic_Search,High
10,32.7,39.4,0.2,0.5,9,Opened,Yes,Pricing_Page,Medium,Medium,Yes,Failure,Website,High
1,1.6,3.0,0.4,0.2,55,Replied,Yes,Content_Download,High,Large,Yes,Success,Referral,Low
13,41.9,76.3,0.2,0.6,44,Clicked,No,Content_Download,Low,Enterprise,No,No_Contact,Organic_Search,Medium
1,1.5,26.7,0.1,0.6,39,Replied,No,Webinar,High,Small,Yes,No_Response,Social,Medium
7,32.1,68.9,0.2,0.6,1,Replied,No,Page_View,Medium,Large,No,No_Contact,Referral,High
5,5.8,54.3,0.3,0.5,24,Opened,No,Demo_Request,High,Enterprise,No,No_Contact,Organic_Search,Medium
3,13.3,42.2,0.0,0.8,33,Replied,No,Webinar,Medium,Large,Yes,Failure,Website,Low
14,60.0,50.9,0.2,0.4,8,Replied,No,Page_View,High,Large,Yes,Success,Referral,Medium
7,14.5,67.4,0.6,0.5,15,Replied,Yes,Content_Download,Medium,Small,No,No_Contact,Paid_Ads,High
1,4.0,22.8,0.3,0.2,67,Clicked,Yes,Webinar,Low,Medium,No,No_Contact,Organic_Search,Low
9,39.4,28.5,0.4,0.5,38,Replied,No,Content_Download,Medium,Medium,Yes,Success,Social,Medium
6,8.9,11.8,0.2,0.6,21,Opened,Yes,Demo_Request,Low,Large,Yes,Failure,Email_Campaign,Medium
2,7.4,4.8,0.2,0.2,35,No_Response,No,Page_View,Low,Small,Yes,No_Response,Social,Low
5,10.2,43.2,0.2,0.4,5,Replied,Yes,Content_Download,Low,Large,Yes,Failure,Paid_Ads,Medium
8,24.4,51.5,0.5,0.4,21,Opened,No,Demo_Request,High,Small,No,No_Contact,Referral,High
10,28.8,56.9,0.1,0.5,11,Opened,Yes,Page_View,High,Large,Yes,In_Progress,Paid_Ads,Medium
1,1.9,52.7,0.2,0.3,49,Replied,Yes,Page_View,Medium,Medium,No,No_Contact,Referral,Low
12,54.3,58.3,0.2,0.4,3,Replied,Yes,Pricing_Page,Medium,Medium,No,No_Contact,Paid_Ads,High
5,15.3,3.0,0.3,0.6,51,Opened,No,Page_View,Medium,Small,Yes,No_Response,Website,Low
6,26.4,61.0,0.4,0.2,1,Replied,No,Pricing_Page,High,Small,No,No_Contact,Social,High
7,15.5,64.9,0.3,0.7,9,Opened,Yes,Webinar,High,Small,No,No_Contact,Paid_Ads,High
9,11.1,51.5,0.4,0.2,40,Opened,Yes,Pricing_Page,Medium,Small,Yes,In_Progress,Social,Medium
5,18.2,53.3,0.6,0.5,27,Clicked,No,Pricing_Page,Low,Enterprise,No,No_Contact,Social,Medium
1,4.1,47.5,0.4,0.6,20,Opened,Yes,Page_View,Medium,Small,Yes,In_Progress,Organic_Search,Low
1,0.6,25.4,0.1,0.8,44,Replied,No,Page_View,Low,Small,No,No_Contact,Social,Low
7,15.1,21.8,0.1,0.5,43,Clicked,No,Demo_Request,Low,Small,No,No_Contact,Paid_Ads,Low
5,29.1,57.6,0.2,0.7,21,Opened,No,Form_Submit,Medium,Small,No,No_Contact,Organic_Search,Medium
15,59.5,65.1,0.4,0.4,24,Replied,No,Webinar,High,Enterprise,Yes,Success,Website,High
3,9.5,39.9,0.3,0.3,38,No_Response,Yes,Demo_Request,High,Large,No,No_Contact,Paid_Ads,Low
2,5.5,39.7,0.1,0.4,27,Replied,No,Demo_Request,Low,Small,No,No_Contact,Organic_Search,Low
11,41.7,49.4,0.0,0.2,30,Replied,Yes,Page_View,Medium,Medium,Yes,Success,Paid_Ads,Medium
8,33.8,60.6,0.6,0.4,37,Clicked,No,Page_View,Low,Enterprise,Yes,In_Progress,Organic_Search,Medium
1,1.8,31.4,0.4,0.5,34,No_Response,Yes,Content_Download,Medium,Medium,Yes,Success,Email_Campaign,Medium
1,1.5,51.3,0.1,0.4,52,No_Response,No,Webinar,Low,Large,No,No_Contact,Social,Low
16,5.2,84.7,0.3,0.7,13,Replied,Yes,Content_Download,High,Large,No,No_Contact,Email_Campaign,High
11,25.8,73.5,0.3,0.4,1,Opened,No,Pricing_Page,Medium,Enterprise,Yes,No_Response,Referral,High
9,23.1,19.6,0.1,0.6,18,Clicked,Yes,Webinar,Medium,Large,No,No_Contact,Organic_Search,Medium
8,17.9,68.4,0.3,0.1,13,Clicked,No,Webinar,Medium,Small,No,No_Contact,Referral,High
6,6.3,33.1,0.4,0.5,1,Replied,Yes,Page_View,Medium,Enterprise,No,No_Contact,Paid_Ads,High
8,40.0,67.8,0.6,0.5,1,Clicked,Yes,Demo_Request,Low,Small,Yes,Failure,Website,High
12,60.0,24.3,0.2,0.2,8,Replied,No,Pricing_Page,Medium,Medium,Yes,Success,Paid_Ads,Medium
9,27.2,86.7,0.4,0.4,17,Opened,Yes,Pricing_Page,Medium,Large,No,No_Contact,Website,High
10,22.7,27.2,0.2,0.1,26,Opened,No,Page_View,Medium,Medium,No,No_Contact,Social,Medium
2,6.2,9.6,0.2,0.7,43,No_Response,No,Webinar,Low,Enterprise,Yes,No_Response,Social,Medium
5,24.0,17.2,0.1,0.7,32,No_Response,Yes,Page_View,High,Small,No,No_Contact,Social,Low
9,51.8,41.8,0.3,0.5,51,Clicked,No,Demo_Request,High,Large,Yes,Success,Organic_Search,Medium
2,7.2,84.9,0.3,0.5,16,Clicked,Yes,Demo_Request,High,Enterprise,Yes,Success,Website,High
10,52.6,47.8,0.4,0.4,22,Opened,No,Page_View,Low,Small,Yes,No_Response,Referral,Medium
2,5.7,3.0,0.3,0.2,47,Clicked,No,Webinar,High,Enterprise,No,No_Contact,Referral,Low
11,58.8,27.3,0.5,0.5,1,Opened,No,Pricing_Page,Medium,Large,No,No_Contact,Social,High
1,3.0,68.1,0.3,0.6,60,Replied,No,Content_Download,Low,Small,No,No_Contact,Organic_Search,Low
7,12.8,86.7,0.5,0.7,13,Replied,No,Demo_Request,High,Large,Yes,Success,Referral,High
1,2.5,80.2,0.3,0.7,2,Clicked,No,Content_Download,Medium,Small,No,No_Contact,Website,High
1,1.0,30.2,0.0,0.5,18,No_Response,Yes,Page_View,Medium,Large,Yes,In_Progress,Paid_Ads,Low
5,11.5,48.8,0.3,0.4,21,Opened,No,Pricing_Page,Medium,Medium,No,No_Contact,Organic_Search,High
3,16.4,35.9,0.1,0.1,12,Opened,No,Content_Download,Low,Large,Yes,No_Response,Referral,Medium
3,8.1,3.0,0.1,0.1,6,No_Response,No,Pricing_Page,Medium,Medium,No,No_Contact,Referral,Low
7,16.5,34.5,0.0,0.2,13,Replied,No,Form_Submit,Low,Large,Yes,In_Progress,Email_Campaign,Medium
7,6.0,59.0,0.3,0.6,11,Opened,No,Demo_Request,Low,Small,Yes,Failure,Organic_Search,High
3,6.6,28.2,0.0,0.4,18,No_Response,Yes,Pricing_Page,Low,Enterprise,Yes,No_Response,Social,Low
11,50.0,63.7,0.3,0.5,28,Clicked,No,Webinar,High,Large,Yes,In_Progress,Social,High
3,6.9,11.7,0.4,0.3,37,Opened,No,Content_Download,High,Small,No,No_Contact,Paid_Ads,Low
11,37.7,74.0,0.1,0.6,38,Opened,No,Page_View,High,Medium,No,No_Contact,Referral,Medium
6,10.4,14.1,0.0,0.3,35,Opened,No,Content_Download,Low,Medium,Yes,No_Response,Email_Campaign,Low
3,13.1,53.7,0.1,0.5,25,Clicked,No,Content_Download,Medium,Medium,No,No_Contact,Organic_Search,Low
6,18.5,52.6,0.2,0.7,12,Clicked,Yes,Form_Submit,High,Small,No,No_Contact,Referral,High
9,16.1,87.0,0.4,0.5,2,Replied,Yes,Pricing_Page,Low,Medium,Yes,In_Progress,Organic_Search,High
6,47.0,13.5,0.3,0.6,54,Opened,No,Page_View,Medium,Small,No,No_Contact,Referral,Low
5,15.5,3.0,0.1,0.7,12,No_Response,No,Content_Download,High,Medium,No,No_Contact,Referral,Low
7,24.4,64.4,0.3,0.4,40,No_Response,Yes,Webinar,Medium,Small,No,No_Contact,Social,Low
16,26.4,74.7,0.4,0.4,5,Clicked,Yes,Demo_Request,Medium,Enterprise,Yes,No_Response,Website,High
4,28.8,48.1,0.2,0.3,10,No_Response,No,Demo_Request,High,Small,No,No_Contact,Social,High
12,18.0,65.4,0.3,0.9,1,Clicked,Yes,Demo_Request,High,Medium,Yes,Failure,Paid_Ads,High
9,40.4,36.7,0.0,0.6,1,Replied,No,Content_Download,Medium,Small,No,No_Contact,Email_Campaign,Low
7,7.2,41.2,0.2,0.2,23,No_Response,Yes,Form_Submit,High,Medium,Yes,In_Progress,Organic_Search,Medium
2,5.6,53.6,0.3,0.5,16,Opened,No,Page_View,Medium,Large,No,No_Contact,Social,Medium
13,60.0,58.7,0.3,0.4,24,Opened,No,Pricing_Page,Medium,Enterprise,Yes,In_Progress,Paid_Ads,High
13,33.4,28.5,0.4,0.9,1,Replied,No,Webinar,Low,Medium,Yes,No_Response,Referral,High
4,12.4,32.7,0.1,0.5,17,No_Response,No,Page_View,Medium,Small,No,No_Contact,Organic_Search,Low
6,21.1,54.2,0.2,0.7,46,Opened,No,Webinar,Medium,Medium,No,No_Contact,Organic_Search,Medium
2,8.4,63.8,0.3,0.5,14,No_Response,Yes,Page_View,Medium,Small,Yes,No_Response,Referral,Medium
10,54.9,46.6,0.3,0.2,9,Replied,No,Demo_Request,Medium,Medium,No,No_Contact,Organic_Search,High
5,21.6,25.3,0.2,0.4,48,Clicked,Yes,Demo_Request,High,Large,Yes,Failure,Email_Campaign,Low
4,14.1,33.7,0.4,0.6,19,Opened,No,Pricing_Page,Medium,Small,No,No_Contact,Social,Medium
7,14.4,88.0,0.3,0.4,43,Clicked,No,Page_View,Low,Large,Yes,No_Response,Website,High
4,15.9,28.2,0.2,0.6,30,No_Response,No,Content_Download,Low,Medium,No,No_Contact,Referral,Medium
7,36.1,35.7,0.3,0.2,23,Clicked,No,Content_Download,Medium,Large,No,No_Contact,Website,Medium
5,13.2,3.0,0.2,0.6,39,Clicked,No,Form_Submit,High,Medium,No,No_Contact,Website,Low
3,8.0,51.0,0.2,0.4,34,Clicked,Yes,Page_View,Low,Large,No,No_Contact,Paid_Ads,Medium
5,30.9,36.5,0.0,0.5,41,No_Response,No,Pricing_Page,Medium,Small,No,No_Contact,Social,Low
10,46.4,72.9,0.5,0.3,22,Clicked,No,Page_View,High,Small,No,No_Contact,Social,High
12,29.5,39.0,0.2,0.3,38,Clicked,Yes,Content_Download,High,Small,Yes,Failure,Website,Low
2,4.7,32.6,0.0,0.5,13,Clicked,No,Page_View,Medium,Medium,No,No_Contact,Email_Campaign,Medium
2,10.0,38.1,0.2,0.2,5,No_Response,No,Pricing_Page,Low,Large,Yes,No_Response,Paid_Ads,High
8,22.7,51.2,0.2,0.6,33,Opened,No,Form_Submit,High,Small,Yes,Failure,Organic_Search,Low
12,54.6,75.3,0.3,0.7,30,No_Response,Yes,Content_Download,Low,Medium,No,No_Contact,Social,High
10,22.3,44.3,0.3,0.2,16,Clicked,No,Form_Submit,Low,Medium,Yes,Failure,Website,High
4,9.7,13.0,0.0,0.4,7,Clicked,No,Pricing_Page,Low,Small,No,No_Contact,Paid_Ads,Low
3,13.0,15.0,0.3,0.5,23,Replied,No,Webinar,High,Enterprise,No,No_Contact,Paid_Ads,Low
5,23.7,44.5,0.0,0.3,55,Opened,No,Content_Download,Low,Small,No,No_Contact,Website,Low
10,41.4,60.5,0.3,0.7,38,Replied,No,Demo_Request,Low,Medium,No,No_Contact,Website,Medium
7,1.2,48.5,0.2,0.5,22,No_Response,Yes,Page_View,High,Enterprise,No,No_Contact,Website,Medium
4,15.0,53.2,0.0,0.3,27,No_Response,No,Page_View,Medium,Small,Yes,In_Progress,Email_Campaign,Low
4,11.4,3.0,0.0,0.5,28,Opened,Yes,Content_Download,Low,Enterprise,No,No_Contact,Social,Low
6,22.9,51.4,0.0,0.7,21,Opened,No,Form_Submit,Low,Small,Yes,No_Response,Social,Low
11,35.3,29.3,0.2,0.5,16,Clicked,No,Form_Submit,Low,Enterprise,No,No_Contact,Referral,Medium
7,7.5,60.0,0.4,0.3,13,No_Response,Yes,Webinar,Low,Medium,Yes,Success,Referral,High
8,44.4,22.1,0.2,0.7,57,No_Response,No,Form_Submit,High,Small,No,No_Contact,Paid_Ads,Low
5,16.4,4.7,0.0,0.6,53,Clicked,No,Content_Download,Low,Small,No,No_Contact,Social,Low
1,5.2,37.8,0.1,0.6,46,Clicked,No,Page_View,Medium,Small,No,No_Contact,Referral,Low
13,60.0,51.2,0.1,0.3,1,Replied,Yes,Content_Download,Low,Large,Yes,In_Progress,Social,High
13,39.1,80.1,0.3,0.4,22,Opened,No,Demo_Request,Low,Large,Yes,Failure,Organic_Search,High
5,21.1,40.0,0.1,1.0,12,No_Response,No,Pricing_Page,Low,Medium,Yes,Failure,Referral,Medium
8,43.9,30.2,0.3,0.5,14,No_Response,No,Webinar,Medium,Large,No,No_Contact,Website,Medium
12,37.1,72.0,0.4,0.4,21,Clicked,Yes,Demo_Request,Medium,Enterprise,Yes,In_Progress,Organic_Search,High
1,2.6,56.3,0.1,0.7,10,Replied,No,Page_View,Medium,Small,Yes,No_Response,Website,Medium
2,6.2,35.0,0.0,0.4,31,Opened,No,Webinar,High,Small,No,No_Contact,Website,Medium
7,24.3,83.8,0.1,0.7,30,Clicked,Yes,Form_Submit,Medium,Medium,No,No_Contact,Organic_Search,Medium
6,22.4,3.0,0.4,0.4,30,Clicked,No,Demo_Request,High,Large,Yes,Success,Social,Medium
9,14.1,68.7,0.2,0.2,1,Opened,Yes,Form_Submit,High,Small,No,No_Contact,Referral,High
5,10.1,96.3,0.4,0.5,26,Clicked,No,Webinar,Low,Large,Yes,In_Progress,Paid_Ads,High
4,8.9,30.6,0.4,0.4,8,Clicked,No,Pricing_Page,High,Small,No,No_Contact,Social,High
3,7.9,3.0,0.0,0.5,30,Replied,No,Demo_Request,High,Medium,Yes,In_Progress,Website,Low
15,39.3,91.5,0.5,0.1,18,Opened,Yes,Form_Submit,High,Small,Yes,In_Progress,Paid_Ads,High
10,30.5,62.7,0.2,0.6,21,Replied,No,Content_Download,Medium,Enterprise,No,No_Contact,Website,Medium
8,48.7,89.5,0.4,0.5,7,Clicked,No,Page_View,High,Large,No,No_Contact,Paid_Ads,High
11,34.2,52.4,0.2,0.3,16,Replied,Yes,Page_View,High,Medium,Yes,Success,Email_Campaign,Medium
4,16.8,3.0,0.1,0.5,53,No_Response,No,Form_Submit,Medium,Small,Yes,In_Progress,Website,Low
1,4.1,46.4,0.5,0.3,29,Clicked,Yes,Pricing_Page,Medium,Large,No,No_Contact,Social,Medium
8,21.7,3.0,0.3,0.5,75,No_Response,Yes,Content_Download,Low,Medium,No,No_Contact,Website,Low
11,36.7,65.7,0.4,0.3,8,Clicked,No,Content_Download,Medium,Small,Yes,Success,Website,High
2,5.0,13.7,0.0,0.8,63,No_Response,No,Page_View,Low,Large,Yes,No_Response,Website,Low
7,18.7,65.2,0.3,0.8,18,Replied,Yes,Form_Submit,High,Enterprise,No,No_Contact,Referral,High
1,3.3,64.8,0.2,0.2,57,No_Response,Yes,Content_Download,Low,Medium,Yes,No_Response,Organic_Search,Low
9,10.0,58.2,0.2,0.3,25,No_Response,No,Pricing_Page,Medium,Enterprise,No,No_Contact,Social,Medium
5,25.4,51.9,0.3,0.6,47,No_Response,No,Page_View,Low,Medium,No,No_Contact,Organic_Search,Low
1,2.8,11.4,0.1,0.4,27,No_Response,Yes,Content_Download,Medium,Small,Yes,In_Progress,Referral,Low
3,7.9,34.2,0.2,0.1,5,No_Response,No,Demo_Request,Medium,Small,No,No_Contact,Organic_Search,Medium
1,1.4,14.2,0.4,0.5,37,No_Response,No,Pricing_Page,High,Enterprise,Yes,Failure,Referral,Medium
1,2.8,19.6,0.2,0.7,42,Clicked,No,Pricing_Page,Medium,Medium,No,No_Contact,Paid_Ads,Low
8,14.2,64.5,0.3,0.3,26,Clicked,No,Page_View,Low,Large,No,No_Contact,Organic_Search,Medium
10,34.7,81.7,0.3,0.3,6,Opened,No,Webinar,Medium,Large,No,No_Contact,Website,High
8,17.2,56.3,0.3,0.6,22,Replied,No,Content_Download,Medium,Medium,Yes,In_Progress,Paid_Ads,Medium
4,24.1,3.0,0.0,0.5,34,Clicked,Yes,Webinar,High,Enterprise,No,No_Contact,Email_Campaign,Low
6,23.5,62.4,0.1,0.4,8,Replied,No,Demo_Request,High,Enterprise,No,No_Contact,Organic_Search,High
12,40.8,48.8,0.1,0.3,8,Replied,No,Content_Download,High,Small,No,No_Contact,Paid_Ads,High
1,0.9,36.5,0.2,0.5,25,Opened,Yes,Demo_Request,Low,Small,No,No_Contact,Referral,Low
8,29.8,29.1,0.2,0.8,62,Clicked,No,Page_View,Low,Small,No,No_Contact,Email_Campaign,Low
5,18.5,79.3,0.2,0.4,35,Replied,No,Form_Submit,Low,Small,No,No_Contact,Organic_Search,Low
1,4.1,4.0,0.1,0.5,64,Opened,No,Demo_Request,Low,Enterprise,No,No_Contact,Referral,Low
5,14.5,84.5,0.2,0.5,18,No_Response,No,Form_Submit,Low,Enterprise,No,No_Contact,Social,High
8,57.5,77.5,0.4,0.5,20,No_Response,No,Pricing_Page,Low,Small,No,No_Contact,Organic_Search,High
9,24.8,52.8,0.5,0.5,26,Clicked,Yes,Demo_Request,Medium,Small,No,No_Contact,Website,High
6,9.3,39.4,0.0,0.4,42,Clicked,No,Demo_Request,Medium,Medium,No,No_Contact,Email_Campaign,Low
2,8.2,23.8,0.4,0.4,1,Clicked,Yes,Page_View,High,Medium,Yes,Failure,Paid_Ads,Medium
1,2.6,68.2,0.2,0.8,1,Clicked,No,Page_View,Medium,Medium,Yes,In_Progress,Organic_Search,High
8,20.0,3.0,0.0,0.2,31,Opened,No,Content_Download,Medium,Small,No,No_Contact,Website,Low
1,0.6,35.4,0.2,0.4,45,No_Response,No,Pricing_Page,Medium,Small,No,No_Contact,Website,Low
2,14.9,3.0,0.3,0.3,36,Opened,No,Content_Download,Low,Small,Yes,Success,Email_Campaign,Low
7,30.2,71.5,0.3,0.7,8,Replied,Yes,Pricing_Page,Low,Medium,Yes,No_Response,Social,High
4,3.2,12.5,0.4,0.3,57,Clicked,No,Pricing_Page,Low,Small,No,No_Contact,Email_Campaign,Low
8,23.9,78.4,0.3,0.7,1,No_Response,No,Pricing_Page,High,Large,Yes,Success,Email_Campaign,High
5,18.5,43.8,0.2,0.5,55,Opened,No,Webinar,Medium,Medium,No,No_Contact,Social,Low
15,8.0,91.0,0.3,0.3,25,Clicked,No,Demo_Request,Medium,Enterprise,No,No_Contact,Paid_Ads,High
1,4.8,12.3,0.0,0.1,70,Replied,Yes,Pricing_Page,High,Small,No,No_Contact,Website,Low
1,2.0,45.5,0.1,0.5,22,Opened,No,Pricing_Page,Medium,Small,No,No_Contact,Website,Medium
9,38.3,36.2,0.1,0.5,3,No_Response,No,Page_View,High,Medium,Yes,Failure,Email_Campaign,Medium
1,5.3,39.5,0.1,0.6,33,No_Response,No,Form_Submit,Low,Small,No,No_Contact,Organic_Search,Low
3,4.2,24.1,0.1,0.4,54,Opened,Yes,Pricing_Page,Low,Small,Yes,Success,Social,Low
5,13.5,28.3,0.0,0.3,29,Clicked,No,Page_View,Medium,Large,No,No_Contact,Social,Medium
8,18.8,26.4,0.0,0.8,43,No_Response,No,Content_Download,Low,Large,No,No_Contact,Organic_Search,Low
5,22.8,7.1,0.2,0.5,59,No_Response,No,Form_Submit,High,Medium,Yes,No_Response,Social,Low
10,28.2,17.9,0.3,0.6,38,Replied,No,Form_Submit,Medium,Medium,Yes,Failure,Website,Low
12,60.0,43.2,0.0,0.4,25,No_Response,No,Page_View,Medium,Medium,No,No_Contact,Email_Campaign,Low
5,30.4,3.0,0.1,0.1,52,Opened,No,Content_Download,Low,Medium,No,No_Contact,Website,Low
10,36.6,33.2,0.4,0.9,8,Replied,No,Form_Submit,Medium,Large,Yes,In_Progress,Paid_Ads,High
12,11.0,88.8,0.2,0.2,16,Opened,No,Demo_Request,Medium,Enterprise,No,No_Contact,Website,High
2,8.0,35.8,0.3,0.1,45,Clicked,No,Page_View,Medium,Small,Yes,Success,Paid_Ads,Low
4,29.1,3.0,0.1,0.7,23,Clicked,No,Webinar,Medium,Medium,No,No_Contact,Paid_Ads,Low
8,57.1,57.3,0.5,0.5,1,Replied,No,Demo_Request,Medium,Small,No,No_Contact,Paid_Ads,High
1,6.2,51.1,0.1,0.4,5,Opened,No,Form_Submit,Low,Large,Yes,Success,Website,Medium
7,13.4,74.9,0.4,0.1,8,Replied,Yes,Page_View,High,Large,No,No_Contact,Referral,High
3,15.1,34.9,0.0,0.1,1,Clicked,Yes,Webinar,Medium,Enterprise,Yes,No_Response,Referral,Medium
3,17.6,39.1,0.1,0.6,12,Clicked,No,Webinar,High,Large,Yes,Success,Social,Medium
1,4.0,19.5,0.0,0.6,52,Replied,Yes,Page_View,High,Medium,Yes,Success,Organic_Search,Low
9,19.1,54.4,0.3,0.5,33,Replied,No,Pricing_Page,Medium,Small,No,No_Contact,Paid_Ads,Medium
10,49.3,54.4,0.3,0.5,18,Opened,No,Demo_Request,Low,Enterprise,No,No_Contact,Social,High
5,15.3,47.2,0.1,0.6,19,Clicked,No,Pricing_Page,Medium,Medium,No,No_Contact,Referral,Medium
12,25.5,95.1,0.3,0.4,16,Clicked,Yes,Form_Submit,High,Medium,No,No_Contact,Paid_Ads,High
9,23.2,61.0,0.4,0.5,14,Replied,No,Form_Submit,Low,Large,No,No_Contact,Social,High
8,28.4,52.1,0.1,0.4,30,Opened,No,Page_View,Medium,Small,No,No_Contact,Website,Medium
2,9.0,51.1,0.0,0.3,35,No_Response,Yes,Content_Download,Low,Enterprise,No,No_Contact,Social,Medium
11,60.0,53.3,0.3,0.3,3,Opened,No,Demo_Request,Medium,Large,No,No_Contact,Social,High
8,16.8,100.0,0.4,0.6,32,Replied,Yes,Demo_Request,High,Large,Yes,No_Response,Website,High
2,15.1,79.3,0.3,0.3,1,Clicked,Yes,Page_View,High,Medium,No,No_Contact,Paid_Ads,Medium
5,11.3,28.1,0.0,0.4,21,No_Response,No,Content_Download,Low,Small,No,No_Contact,Email_Campaign,Low
11,56.8,42.5,0.2,0.6,10,Opened,No,Page_View,Medium,Small,No,No_Contact,Referral,Medium
1,0.5,40.5,0.1,0.5,68,Opened,No,Webinar,Low,Small,No,No_Contact,Paid_Ads,Low
11,60.0,49.8,0.2,0.4,22,No_Response,Yes,Form_Submit,High,Large,No,No_Contact,Paid_Ads,Low
2,6.8,26.7,0.4,0.5,1,Replied,No,Content_Download,Low,Enterprise,Yes,In_Progress,Referral,High
11,59.1,66.6,0.3,0.7,6,No_Response,No,Webinar,Medium,Large,Yes,In_Progress,Referral,High
12,36.3,62.6,0.0,0.8,4,No_Response,No,Form_Submit,Medium,Small,Yes,In_Progress,Social,Medium
14,42.7,93.3,0.2,0.4,1,Opened,Yes,Page_View,High,Medium,No,No_Contact,Organic_Search,High
7,21.4,57.7,0.4,0.3,5,Replied,No,Form_Submit,Medium,Large,Yes,Success,Organic_Search,High
7,11.4,100.0,0.3,0.5,38,No_Response,Yes,Form_Submit,High,Enterprise,Yes,No_Response,Email_Campaign,High
4,9.5,83.7,0.2,0.2,22,Replied,Yes,Content_Download,High,Medium,No,No_Contact,Paid_Ads,Medium
9,29.8,46.0,0.4,0.5,14,No_Response,Yes,Form_Submit,High,Enterprise,Yes,No_Response,Paid_Ads,High
8,38.6,89.3,0.2,0.3,1,Replied,Yes,Pricing_Page,Medium,Large,No,No_Contact,Website,High
3,6.5,28.1,0.0,0.5,50,No_Response,No,Page_View,High,Medium,No,No_Contact,Organic_Search,Low
15,26.3,49.9,0.2,0.4,1,Replied,No,Pricing_Page,High,Small,Yes,Success,Email_Campaign,High
11,17.3,78.1,0.6,0.4,1,Clicked,Yes,Content_Download,Medium,Enterprise,Yes,In_Progress,Social,High
11,42.6,36.3,0.0,0.3,28,Opened,Yes,Form_Submit,Medium,Enterprise,No,No_Contact,Organic_Search,Medium
1,4.8,24.1,0.2,0.5,7,Clicked,No,Page_View,Medium,Large,No,No_Contact,Paid_Ads,Low
6,26.7,36.6,0.2,0.1,57,Clicked,No,Pricing_Page,Low,Large,Yes,In_Progress,Referral,Low
6,36.4,62.2,0.3,0.4,25,No_Response,No,Content_Download,Low,Small,Yes,Failure,Referral,Medium
5,20.2,28.2,0.1,0.8,15,Opened,No,Pricing_Page,Medium,Small,No,No_Contact,Organic_Search,Medium
3,16.8,23.7,0.1,0.5,49,Clicked,No,Webinar,High,Small,No,No_Contact,Referral,Low
12,30.7,41.7,0.3,0.1,5,Opened,No,Pricing_Page,Medium,Large,No,No_Contact,Social,High
1,4.4,43.8,0.0,0.6,26,No_Response,No,Form_Submit,Low,Large,No,No_Contact,Social,Low
3,5.4,5.8,0.3,0.4,43,Opened,Yes,Content_Download,High,Medium,Yes,No_Response,Social,Low
10,60.0,25.9,0.4,0.2,21,Replied,No,Page_View,High,Large,Yes,In_Progress,Website,High
1,3.6,100.0,0.6,0.5,14,Clicked,Yes,Demo_Request,Medium,Large,Yes,In_Progress,Referral,High
2,8.1,3.0,0.0,0.4,39,Opened,No,Page_View,Low,Small,No,No_Contact,Referral,Medium
4,12.6,12.3,0.5,0.6,44,Clicked,No,Webinar,Low,Medium,No,No_Contact,Referral,Low
11,60.0,47.3,0.0,0.3,44,Opened,No,Demo_Request,Medium,Small,No,No_Contact,Paid_Ads,Low
11,34.6,83.2,0.5,0.4,1,Clicked,No,Form_Submit,Low,Medium,No,No_Contact,Social,High
1,4.7,42.1,0.1,0.6,49,No_Response,No,Page_View,Low,Medium,Yes,No_Response,Paid_Ads,Low
1,2.6,34.5,0.1,0.5,16,Replied,No,Demo_Request,Medium,Small,No,No_Contact,Organic_Search,Medium
15,47.5,51.7,0.4,0.3,10,Replied,No,Demo_Request,High,Large,Yes,In_Progress,Organic_Search,High
9,22.4,63.5,0.5,0.1,43,Clicked,No,Pricing_Page,Medium,Small,Yes,No_Response,Website,Medium
2,11.3,71.4,0.3,0.3,52,Opened,Yes,Page_View,Low,Medium,No,No_Contact,Email_Campaign,Low
7,43.5,3.6,0.6,0.7,7,Opened,No,Webinar,Low,Small,Yes,In_Progress,Paid_Ads,Medium
3,10.6,81.4,0.5,0.2,44,Clicked,No,Form_Submit,High,Large,Yes,Success,Website,High
9,56.4,76.7,0.4,0.1,17,No_Response,Yes,Content_Download,Low,Large,Yes,Success,Paid_Ads,Medium
1,2.6,28.5,0.3,0.8,52,Clicked,No,Page_View,High,Medium,Yes,Success,Referral,Low
13,60.0,62.5,0.5,0.4,23,No_Response,No,Webinar,Low,Enterprise,No,No_Contact,Paid_Ads,High
1,3.9,3.0,0.3,0.8,30,No_Response,No,Page_View,Medium,Small,No,No_Contact,Paid_Ads,Low
4,15.7,40.3,0.1,0.4,45,Clicked,No,Page_View,Medium,Medium,No,No_Contact,Website,Low
2,5.2,40.1,0.6,0.7,56,Clicked,No,Content_Download,Medium,Large,Yes,No_Response,Social,Low
1,5.8,44.7,0.0,0.7,44,No_Response,Yes,Page_View,Low,Small,No,No_Contact,Paid_Ads,Low
11,60.0,39.5,0.2,0.9,1,No_Response,No,Page_View,High,Enterprise,No,No_Contact,Social,High
2,7.3,70.7,0.3,0.3,16,Clicked,No,Pricing_Page,Low,Medium,No,No_Contact,Paid_Ads,Medium
4,7.0,100.0,0.4,0.5,51,No_Response,No,Content_Download,Medium,Medium,Yes,In_Progress,Paid_Ads,Medium
1,6.3,61.9,0.2,0.4,33,Opened,No,Page_View,High,Small,No,No_Contact,Referral,Low
15,60.0,48.2,0.4,0.8,15,Clicked,Yes,Pricing_Page,High,Small,Yes,Failure,Organic_Search,High
3,13.5,41.7,0.1,0.4,1,Opened,No,Pricing_Page,Medium,Large,Yes,Failure,Referral,Medium
7,7.3,61.6,0.1,0.2,32,Clicked,No,Page_View,Low,Medium,Yes,Success,Email_Campaign,Medium
17,34.1,58.0,0.3,0.6,13,No_Response,No,Content_Download,Medium,Small,Yes,Failure,Email_Campaign,Medium
6,20.2,3.0,0.0,0.4,59,No_Response,Yes,Pricing_Page,Low,Medium,No,No_Contact,Organic_Search,Low
8,26.4,50.8,0.2,0.4,20,Replied,No,Demo_Request,High,Medium,Yes,Success,Social,High
5,4.2,57.5,0.5,0.1,13,Replied,No,Content_Download,High,Medium,Yes,Success,Referral,High
1,6.3,43.0,0.1,0.5,44,Opened,No,Page_View,High,Large,No,No_Contact,Referral,Low
7,25.9,49.2,0.2,0.2,16,Replied,No,Demo_Request,High,Large,No,No_Contact,Organic_Search,Medium
13,37.0,35.6,0.3,0.5,6,No_Response,No,Webinar,High,Enterprise,Yes,In_Progress,Referral,High
7,19.4,24.5,0.1,0.5,57,Opened,Yes,Demo_Request,Low,Large,No,No_Contact,Paid_Ads,Low
9,23.2,63.4,0.0,0.3,1,Opened,No,Content_Download,Medium,Small,Yes,Failure,Referral,Medium
5,30.0,64.0,0.2,0.3,1,Opened,No,Demo_Request,High,Medium,No,No_Contact,Website,Medium
6,19.2,46.7,0.1,0.4,36,Clicked,No,Page_View,High,Enterprise,No,No_Contact,Email_Campaign,Low
6,27.3,24.3,0.1,0.5,5,No_Response,No,Page_View,High,Medium,Yes,No_Response,Email_Campaign,Low
5,4.8,58.9,0.5,0.5,21,Opened,No,Webinar,High,Medium,Yes,In_Progress,Paid_Ads,Medium
3,21.7,65.6,0.5,0.5,8,Replied,No,Pricing_Page,Medium,Large,Yes,Success,Organic_Search,High
2,8.2,48.6,0.0,0.3,26,Clicked,No,Content_Download,Low,Medium,No,No_Contact,Referral,Low
10,51.3,36.6,0.4,0.4,1,No_Response,Yes,Pricing_Page,Medium,Medium,No,No_Contact,Referral,High
4,16.7,17.1,0.2,0.5,38,Replied,No,Form_Submit,Medium,Small,Yes,In_Progress,Referral,Low
2,4.8,71.7,0.2,0.6,26,Clicked,No,Content_Download,Low,Small,No,No_Contact,Organic_Search,Medium
2,3.7,50.1,0.3,0.3,44,Clicked,No,Page_View,Medium,Small,No,No_Contact,Social,Medium
11,60.0,35.6,0.4,0.7,27,No_Response,No,Content_Download,Low,Large,No,No_Contact,Email_Campaign,Medium
1,3.3,52.5,0.2,0.1,19,Replied,No,Content_Download,Low,Large,Yes,In_Progress,Website,Medium
11,25.0,97.0,0.2,0.5,24,Replied,Yes,Pricing_Page,Medium,Large,No,No_Contact,Website,High
1,4.4,39.4,0.3,0.7,39,Replied,No,Webinar,Low,Large,No,No_Contact,Referral,Medium
6,17.9,57.9,0.1,0.2,22,Clicked,No,Content_Download,High,Medium,No,No_Contact,Organic_Search,Medium
3,5.0,40.4,0.3,0.5,3,No_Response,No,Form_Submit,High,Enterprise,No,No_Contact,Social,High
2,8.7,42.4,0.6,0.5,54,Clicked,No,Demo_Request,Low,Large,No,No_Contact,Website,Medium
2,5.6,88.7,0.2,0.6,27,Clicked,No,Webinar,Medium,Medium,Yes,Failure,Social,Medium
1,5.4,66.6,0.2,0.5,27,Clicked,No,Content_Download,Low,Small,Yes,No_Response,Social,Medium
8,19.9,23.0,0.4,0.1,1,No_Response,Yes,Content_Download,High,Enterprise,Yes,No_Response,Website,High
6,20.2,32.8,0.4,0.4,64,Opened,No,Content_Download,Low,Small,No,No_Contact,Paid_Ads,Low
13,27.2,53.3,0.4,0.5,20,Clicked,No,Form_Submit,High,Medium,No,No_Contact,Organic_Search,High
2,2.9,41.1,0.2,0.6,30,No_Response,No,Content_Download,Low,Small,No,No_Contact,Social,Low
2,4.2,23.2,0.3,0.5,38,Opened,No,Content_Download,High,Small,Yes,No_Response,Referral,Medium
6,32.8,80.9,0.4,0.6,18,No_Response,No,Content_Download,High,Enterprise,Yes,Failure,Website,High
18,49.0,96.7,0.6,0.5,14,Opened,No,Webinar,Low,Small,No,No_Contact,Referral,High
10,52.2,68.8,0.0,0.5,16,Clicked,No,Webinar,Medium,Small,No,No_Contact,Website,High
16,13.0,100.0,0.3,0.6,13,Opened,Yes,Webinar,High,Enterprise,Yes,Success,Referral,High
4,8.1,43.6,0.4,0.3,34,Replied,No,Page_View,Medium,Medium,Yes,Success,Website,Medium
